,team,opponent,PIM,penalties,date
0,WPG,NSH,84,18,2015-11-14
1,NSH,WPG,72,17,2015-11-14
2,OTT,BOS,58,14,2015-12-29
3,BOS,OTT,52,11,2015-12-29
4,BUF,MTL,52,14,2016-03-16
5,NJD,VAN,49,12,2015-11-08
6,MTL,BUF,48,12,2016-03-16
7,ANA,LAK,44,11,2016-03-05
8,ARI,ANA,44,15,2016-03-03
9,WSH,PIT,41,11,2016-03-20
10,ARI,BUF,40,8,2016-01-18
11,ARI,CBJ,38,11,2015-11-14
12,ANA,ARI,38,12,2016-03-03
13,CGY,ARI,38,7,2016-03-28
14,FLA,BUF,37,10,2016-02-09
15,BUF,ARI,37,8,2016-01-18
16,SJS,VAN,36,9,2016-03-05
17,LAK,ANA,36,7,2016-03-05
18,WPG,COL,36,11,2016-02-06
19,OTT,PHI,35,9,2015-11-21
20,WPG,SJS,35,9,2016-01-12
21,VAN,NJD,34,10,2015-11-08
22,EDM,NYI,34,10,2016-02-07
23,EDM,SJS,33,7,2016-03-24
24,ARI,PHI,33,7,2016-03-26
25,PHI,OTT,33,8,2015-11-21
26,CBJ,TBL,32,9,2015-12-26
27,COL,WPG,32,9,2016-02-06
28,EDM,ARI,32,8,2016-03-12
29,LAK,COL,32,9,2015-10-18
30,COL,SJS,32,8,2016-01-26
31,CBJ,TBL,32,8,2016-03-13
32,CBJ,OTT,32,9,2015-11-19
33,STL,MTL,32,12,2016-01-16
34,PHI,CBJ,31,9,2015-12-19
35,PHI,SJS,31,10,2015-12-30
36,BUF,FLA,31,7,2016-02-09
37,VAN,BOS,31,6,2015-12-05
38,ANA,TOR,31,10,2016-01-06
39,FLA,EDM,31,6,2016-01-10
40,PHI,BUF,31,10,2015-10-30
41,NJD,STL,30,8,2016-01-12
42,BUF,PHI,30,8,2015-10-30
43,NSH,MIN,30,8,2015-11-21
44,EDM,PHI,30,10,2016-03-03
45,OTT,DET,30,7,2015-10-31
46,CBJ,SJS,30,8,2015-11-22
47,CBJ,ARI,30,11,2015-11-14
48,TBL,TOR,30,11,2016-03-28
49,VAN,TBL,29,13,2015-12-22
0,BOS,MIN,29,9,2015-11-19
1,BUF,OTT,29,9,2016-03-18
2,PHI,NYR,29,5,2016-02-06
3,ARI,BOS,28,6,2015-10-27
4,COL,LAK,28,7,2015-10-18
5,NJD,OTT,28,7,2015-10-22
6,CBJ,BUF,28,7,2016-02-19
7,PHI,ARI,28,6,2016-03-26
8,ANA,SJS,28,7,2015-11-07
9,BUF,PHI,28,7,2016-02-11
10,ARI,STL,28,10,2016-04-04
11,CGY,ANA,28,6,2016-03-30
12,OTT,NSH,28,11,2015-10-17
13,OTT,BUF,27,8,2016-03-18
14,TBL,OTT,27,8,2015-12-20
15,NYR,TBL,27,8,2016-04-05
16,CHI,MIN,27,8,2016-02-21
17,ANA,PHI,27,8,2015-12-27
18,DET,MTL,27,8,2016-03-29
19,STL,EDM,27,8,2016-03-16
20,TBL,NYR,27,8,2016-04-05
21,BOS,WPG,27,9,2016-02-11
22,ARI,COL,27,7,2015-12-27
23,OTT,COL,27,8,2015-11-25
24,ARI,SJS,27,8,2016-04-09
25,LAK,CBJ,26,10,2015-11-05
26,BOS,NSH,26,10,2015-12-07
27,VAN,SJS,26,6,2016-03-29
28,CBJ,LAK,26,10,2015-11-05
29,BOS,FLA,25,7,2015-10-30
30,COL,WSH,25,7,2015-11-21
31,PHI,CAR,25,7,2015-12-15
32,PHI,MTL,25,7,2016-02-02
33,ANA,CGY,25,7,2015-12-29
34,LAK,ARI,25,7,2015-12-26
35,DAL,NYI,25,6,2016-01-03
36,NJD,NYI,25,6,2015-12-13
37,PHI,BUF,25,8,2016-02-11
38,BOS,VAN,25,7,2015-12-05
39,WSH,FLA,25,7,2015-12-10
40,ANA,CHI,25,7,2015-10-26
41,CBJ,PHI,24,8,2016-03-05
42,PHI,NYI,24,5,2015-11-25
43,NYR,PHI,24,8,2016-02-14
44,PHI,NJD,24,8,2016-02-16
45,MTL,TBL,24,5,2016-04-09
46,NJD,TBL,24,8,2016-02-26
47,ARI,EDM,24,8,2016-03-12
48,SJS,ANA,24,5,2015-11-07
49,ARI,MIN,24,8,2015-10-15
0,CBJ,DAL,23,6,2015-12-15
1,PHI,ANA,23,6,2015-12-27
2,DAL,PIT,23,6,2015-10-22
3,CBJ,WPG,23,6,2015-12-10
4,EDM,OTT,23,7,2016-02-04
5,NYI,VAN,23,6,2016-01-17
6,NYR,OTT,23,6,2015-11-14
7,PIT,NYI,23,10,2016-04-02
8,STL,NJD,23,6,2016-01-12
9,FLA,BOS,23,6,2016-03-07
10,CBJ,PHI,23,6,2016-03-22
11,NYR,NJD,23,6,2016-02-23
12,WPG,BOS,23,7,2016-02-11
13,PIT,PHI,23,6,2016-04-09
14,ANA,PHI,23,9,2016-02-09
15,DAL,STL,22,8,2015-12-12
16,PIT,WSH,22,7,2016-03-20
17,TOR,FLA,22,8,2016-01-26
18,ARI,CHI,22,7,2016-02-04
19,TBL,FLA,22,7,2015-11-14
20,CAR,BUF,22,7,2016-03-22
21,OTT,PHI,22,7,2016-04-02
22,OTT,TBL,22,4,2015-12-20
23,PHI,NYR,22,8,2016-02-14
24,NJD,PHI,22,7,2016-02-16
25,CAR,NJD,22,7,2015-12-03
26,LAK,VAN,22,8,2015-12-28
27,LAK,STL,22,4,2016-01-09
28,EDM,CGY,22,7,2016-04-02
29,ANA,CAR,22,4,2015-12-11
30,TOR,EDM,22,7,2016-02-11
31,MTL,ARI,21,5,2016-02-15
32,NSH,WPG,21,9,2016-01-14
33,COL,DAL,21,5,2016-04-07
34,DAL,SJS,21,9,2016-03-26
35,NYR,BOS,21,5,2015-11-27
36,NYI,CBJ,21,9,2015-10-20
37,NJD,NYI,21,5,2016-02-19
38,STL,CHI,21,5,2016-04-07
39,OTT,EDM,21,6,2016-02-04
40,STL,SJS,21,5,2016-02-22
41,ARI,CHI,21,5,2016-04-05
42,FLA,NYI,21,5,2016-03-14
43,DAL,CBJ,21,5,2015-12-15
44,BOS,CBJ,21,5,2016-02-22
45,SJS,CGY,21,9,2016-03-07
46,ANA,TOR,20,6,2016-03-24
47,NSH,NYR,20,6,2015-11-23
48,NYI,PHI,20,7,2015-11-25
49,PHI,CBJ,20,5,2016-03-05
0,CBJ,PIT,20,6,2015-12-21
1,STL,WPG,20,10,2015-10-18
2,TOR,BUF,20,6,2016-03-19
3,CBJ,CHI,20,6,2016-04-09
4,NYI,MTL,20,6,2015-11-22
5,DET,OTT,20,6,2015-10-31
6,VAN,LAK,20,7,2015-12-28
7,STL,DAL,20,7,2015-12-27
8,ANA,NYR,20,7,2015-12-22
9,CGY,ARI,20,10,2016-02-12
10,STL,DAL,20,7,2015-12-12
11,NSH,WSH,20,6,2016-03-18
12,LAK,ARI,20,6,2016-01-23
13,SJS,DET,20,6,2016-01-07
14,WPG,DET,20,6,2016-03-10
15,MTL,FLA,20,6,2016-03-15
16,NSH,OTT,20,7,2015-10-17
17,MTL,CBJ,20,3,2015-12-01
18,FLA,OTT,20,6,2015-12-08
19,MIN,BOS,19,8,2015-11-19
20,CHI,MIN,19,4,2016-03-29
21,COL,ANA,19,4,2016-04-09
22,NYI,PIT,19,8,2016-04-02
23,TBL,OTT,19,8,2016-02-08
24,EDM,WPG,19,8,2016-02-13
25,STL,MIN,19,8,2015-10-31
26,STL,CHI,19,4,2016-03-09
27,WPG,TBL,19,8,2016-02-18
28,DET,CBJ,19,8,2016-03-08
29,TOR,LAK,19,4,2016-01-07
30,WSH,BUF,19,8,2016-01-16
31,NYR,PHI,19,8,2016-02-06
32,CBJ,BUF,19,8,2015-10-12
33,PHI,NYR,19,4,2015-11-28
34,CHI,STL,19,8,2015-11-14
35,CBJ,DET,19,8,2016-03-08
36,TBL,MTL,19,8,2016-04-09
37,ARI,LAK,19,8,2015-12-26
38,ANA,NSH,19,8,2015-11-17
39,CGY,NYI,19,5,2016-02-25
40,TBL,DAL,19,4,2015-10-15
41,TBL,ARI,19,8,2016-03-19
42,STL,MTL,19,4,2015-10-20
43,NYI,CGY,19,5,2016-02-25
44,PHI,ANA,19,8,2016-02-09
45,BOS,PHI,19,4,2015-10-21
46,CBJ,CHI,19,8,2015-10-17
47,BOS,OTT,19,4,2015-12-27
48,CBJ,FLA,19,8,2015-12-27
49,WSH,COL,19,4,2015-11-21
0,CGY,SJS,19,4,2016-03-07
1,WPG,VAN,19,8,2015-11-18
2,ANA,OTT,18,6,2016-03-26
3,WSH,BOS,18,6,2016-03-05
4,BUF,TOR,18,5,2016-03-31
5,WPG,STL,18,9,2015-10-18
6,EDM,SJS,18,6,2015-12-09
7,CAR,OTT,18,5,2016-02-18
8,PHI,FLA,18,8,2015-10-12
9,PHI,EDM,18,5,2016-03-03
10,OTT,WPG,18,5,2016-03-30
11,MTL,BOS,18,5,2015-11-07
12,NSH,FLA,18,6,2016-02-13
13,FLA,TBL,18,5,2015-11-14
14,WSH,TBL,18,6,2015-12-12
15,COL,NSH,18,6,2016-03-05
16,BUF,TOR,18,5,2016-03-19
17,MIN,ARI,18,9,2015-10-15
18,NSH,BOS,18,6,2015-12-07
19,CGY,SJS,18,9,2016-02-11
20,WPG,OTT,18,5,2016-03-30
21,NYI,EDM,18,6,2016-02-07
22,PHI,DET,18,5,2016-01-17
23,WSH,LAK,18,6,2016-03-09
24,FLA,DET,18,8,2016-02-04
25,BUF,MTL,18,6,2016-03-10
26,ARI,CGY,18,9,2016-02-12
27,OTT,ANA,18,5,2016-03-26
28,ANA,CGY,18,5,2016-03-30
29,VAN,ANA,18,5,2015-11-30
30,OTT,MTL,18,9,2015-10-11
31,ARI,DAL,18,6,2016-03-31
32,NYR,ANA,18,6,2015-12-22
33,DAL,STL,18,6,2015-12-27
34,NJD,CAR,18,6,2015-12-03
35,NYI,TBL,18,6,2015-11-28
36,COL,ARI,17,7,2015-12-27
37,WPG,MIN,17,7,2015-11-10
38,BOS,FLA,17,6,2016-03-07
39,VAN,MIN,17,6,2015-12-15
40,ANA,WPG,17,7,2016-01-03
41,DAL,BOS,17,7,2016-02-20
42,WPG,EDM,17,7,2016-02-13
43,ANA,STL,17,7,2015-10-29
44,VAN,WPG,17,7,2015-11-18
45,ANA,NYI,17,7,2015-11-13
46,LAK,ANA,17,7,2016-04-07
47,DET,BUF,17,7,2015-12-01
48,BOS,NYR,17,6,2016-03-23
49,CBJ,FLA,17,7,2016-02-27
0,PIT,CBJ,17,7,2015-11-27
1,NJD,ARI,17,7,2016-01-16
2,FLA,NYR,17,7,2016-01-02
3,DET,TBL,17,7,2016-03-22
4,STL,CHI,17,7,2015-11-14
5,PHI,NJD,17,7,2015-12-04
6,BOS,TOR,17,7,2016-01-16
7,WSH,WPG,17,7,2015-12-05
8,MTL,ANA,17,7,2016-03-02
9,COL,BOS,17,3,2015-11-12
10,OTT,CBJ,17,7,2015-11-19
11,NSH,ANA,17,7,2015-11-17
12,LAK,CAR,17,7,2015-11-22
13,WPG,PHI,17,7,2015-11-07
14,ARI,FLA,17,7,2016-03-05
15,CBJ,PIT,17,7,2015-11-27
16,CBJ,COL,17,7,2015-10-24
17,ARI,TBL,17,7,2016-03-19
18,PHI,WPG,17,7,2015-11-07
19,TBL,WPG,17,7,2016-02-18
20,STL,NSH,17,7,2016-02-27
21,BUF,WSH,17,7,2016-01-16
22,ANA,ARI,17,7,2015-10-14
23,ANA,LAK,17,7,2016-04-07
24,DET,FLA,17,7,2016-02-08
25,ARI,BOS,17,7,2015-10-17
26,LAK,VAN,17,7,2016-03-07
27,NSH,BUF,17,3,2015-11-28
28,MTL,FLA,17,7,2015-12-29
29,WPG,NYI,16,8,2015-10-12
30,VAN,EDM,16,4,2016-04-09
31,TOR,WSH,16,8,2015-11-07
32,PIT,TBL,16,8,2016-02-20
33,BOS,MTL,16,8,2016-01-01
34,NYI,TBL,16,4,2016-03-25
35,TBL,NYI,16,4,2016-03-25
36,BOS,NYI,16,8,2015-11-08
37,FLA,TOR,16,5,2016-01-26
38,MTL,DET,16,5,2016-03-29
39,ARI,LAK,16,8,2016-02-02
40,CHI,ARI,16,8,2015-12-29
41,PIT,CBJ,16,5,2015-12-21
42,CGY,NYI,16,4,2015-10-26
43,NSH,CHI,16,5,2015-12-10
44,NYI,CBJ,16,8,2016-01-12
45,TBL,NYI,16,5,2015-11-28
46,NJD,VAN,16,7,2015-11-22
47,MTL,BUF,16,4,2016-02-12
48,DET,FLA,16,8,2015-11-29
49,NSH,WPG,16,4,2016-03-08
0,MIN,NSH,16,5,2015-11-21
1,NJD,DET,16,8,2015-12-22
2,CGY,BUF,16,8,2016-03-03
3,SJS,CBJ,16,5,2015-11-22
4,ARI,CGY,16,4,2016-03-28
5,BOS,TOR,16,8,2015-11-23
6,BUF,CBJ,16,8,2016-02-19
7,SJS,CGY,16,8,2015-12-08
8,DET,NJD,16,8,2015-12-22
9,CBJ,NYI,16,6,2016-01-12
10,NJD,TBL,16,8,2016-04-02
11,FLA,CHI,16,8,2015-10-22
12,NSH,COL,16,5,2016-03-05
13,TBL,SJS,16,8,2015-12-05
14,BOS,LAK,16,5,2016-02-09
15,DAL,ARI,16,5,2016-03-31
16,OTT,ANA,16,5,2016-01-13
17,FLA,WSH,16,8,2016-02-02
18,LAK,BOS,16,5,2016-02-09
19,FLA,NSH,16,5,2016-02-13
20,EDM,CBJ,16,5,2016-03-04
21,CBJ,EDM,16,5,2016-03-04
22,LAK,ANA,16,5,2016-01-17
23,NYR,TOR,16,8,2016-02-18
24,MTL,DAL,16,8,2015-12-19
25,SJS,WPG,16,5,2016-01-12
26,STL,MIN,16,8,2016-02-06
27,LAK,STL,16,8,2016-02-18
28,EDM,NSH,16,4,2016-01-23
29,TBL,SJS,16,4,2016-02-16
30,ANA,COL,16,7,2016-04-09
31,STL,LAK,16,8,2016-02-18
32,TOR,NYR,16,3,2016-02-18
33,TOR,PIT,16,8,2015-12-30
34,STL,ANA,15,6,2016-01-08
35,WPG,NSH,15,6,2016-01-14
36,SJS,PHI,15,6,2015-12-30
37,WPG,STL,15,6,2015-11-16
38,STL,VAN,15,5,2015-10-16
39,BOS,ANA,15,6,2016-01-26
40,STL,LAK,15,6,2015-11-03
41,STL,TOR,15,6,2015-12-05
42,STL,WPG,15,6,2015-11-16
43,LAK,WSH,15,6,2016-02-16
44,TBL,FLA,15,6,2016-01-17
45,NSH,VAN,15,5,2016-03-12
46,OTT,CBJ,15,6,2015-10-14
47,CBJ,OTT,15,6,2016-02-13
48,NYR,FLA,15,6,2016-01-02
49,NJD,CAR,15,6,2016-03-27
0,CGY,VAN,15,6,2016-04-07
1,VAN,DAL,15,6,2015-12-03
2,STL,ANA,15,6,2015-10-29
3,FLA,CBJ,15,6,2015-12-27
4,FLA,DET,15,6,2016-02-08
5,OTT,NJD,15,6,2015-10-22
6,OTT,MTL,15,6,2016-03-19
7,SJS,DAL,15,6,2016-03-26
8,OTT,BOS,15,6,2016-04-09
9,FLA,DAL,15,6,2015-10-24
10,STL,COL,15,6,2016-04-03
11,NSH,DAL,15,6,2016-03-29
12,NYI,PHI,15,6,2016-01-09
13,CHI,WPG,15,6,2016-03-18
14,CAR,CBJ,15,6,2016-01-08
15,EDM,FLA,15,3,2016-01-10
16,DAL,NSH,15,6,2016-03-01
17,MIN,WPG,15,6,2015-11-27
18,LAK,COL,15,6,2016-01-04
19,WPG,CBJ,15,6,2015-12-10
20,WPG,WSH,15,6,2015-12-05
21,ANA,BOS,15,6,2016-01-26
22,EDM,NJD,15,6,2016-02-09
23,WPG,ARI,15,6,2016-01-26
24,BUF,DAL,15,6,2015-11-21
25,NJD,PHI,15,6,2015-12-04
26,PHI,CAR,15,6,2015-11-23
27,WPG,CBJ,15,5,2015-10-31
28,CGY,DET,15,6,2015-10-23
29,COL,LAK,15,6,2016-01-04
30,COL,CBJ,15,6,2015-10-24
31,NYI,TBL,15,6,2016-04-04
32,NSH,SJS,15,6,2016-02-06
33,PIT,NYR,15,6,2016-03-13
34,CHI,ANA,15,6,2015-10-26
35,NJD,ARI,15,6,2015-10-20
36,PHI,DET,14,7,2016-04-06
37,PIT,MIN,14,7,2015-11-17
38,TBL,COL,14,7,2015-10-29
39,WSH,NYR,14,7,2015-12-20
40,ARI,CGY,14,7,2015-11-27
41,DAL,NSH,14,4,2016-02-15
42,DET,OTT,14,7,2016-02-10
43,PHI,NSH,14,6,2016-02-04
44,MIN,PIT,14,7,2015-11-17
45,DET,PIT,14,7,2016-03-26
46,WPG,ARI,14,7,2015-11-21
47,TBL,BOS,14,7,2016-02-28
48,FLA,MIN,14,7,2016-02-28
49,MTL,DET,14,7,2015-12-10
0,ANA,TBL,14,7,2015-11-21
1,LAK,TBL,14,7,2015-12-06
2,CGY,EDM,14,3,2016-04-02
3,FLA,DET,14,7,2015-11-29
4,WSH,OTT,14,3,2015-12-16
5,TBL,WSH,14,4,2015-12-12
6,NSH,DAL,14,4,2016-02-15
7,SJS,EDM,14,4,2015-12-09
8,DAL,PHI,14,7,2015-10-20
9,NYI,VAN,14,4,2016-03-01
10,ANA,LAK,14,4,2016-01-17
11,NSH,MIN,14,7,2015-11-05
12,MIN,STL,14,7,2016-02-06
13,DAL,VAN,14,7,2015-11-27
14,LAK,WSH,14,4,2016-03-09
15,ANA,CGY,14,7,2016-02-21
16,BUF,NYR,14,3,2016-03-08
17,TOR,TBL,14,7,2016-01-27
18,VAN,CGY,14,3,2016-02-19
19,TOR,BUF,14,7,2016-03-07
20,CGY,COL,14,3,2016-03-18
21,PIT,VAN,14,7,2015-11-04
22,NYR,FLA,14,7,2015-11-21
23,WPG,MTL,14,7,2015-11-01
24,MTL,DET,14,7,2016-03-24
25,OTT,PIT,14,6,2016-02-02
26,CGY,VAN,14,3,2016-02-19
27,COL,CGY,14,6,2016-01-02
28,SJS,NJD,14,7,2015-10-16
29,ARI,ANA,14,7,2016-02-05
30,CGY,TOR,14,7,2016-03-21
31,EDM,CBJ,14,7,2016-02-02
32,STL,DAL,14,7,2016-02-16
33,EDM,WPG,14,7,2015-12-21
34,NYR,MTL,14,7,2016-03-26
35,TBL,NJD,14,7,2016-04-02
36,DET,PHI,14,7,2016-04-06
37,MTL,BOS,14,7,2016-01-01
38,ANA,NSH,14,7,2015-11-01
39,CGY,MIN,14,7,2016-04-09
40,TBL,CBJ,14,6,2016-03-13
41,COL,ANA,14,7,2015-10-16
42,MTL,BUF,14,4,2016-03-10
43,NYI,WSH,14,7,2016-02-18
44,LAK,ANA,14,7,2016-02-28
45,LAK,COL,14,7,2016-01-27
46,FLA,WSH,14,7,2015-12-10
47,TBL,PIT,14,7,2016-02-20
48,PIT,CAR,14,7,2016-03-17
49,FLA,MTL,14,4,2016-03-15
0,TOR,CHI,14,6,2016-02-15
1,ANA,OTT,14,4,2016-01-13
2,WPG,DET,14,6,2015-12-29
3,NYR,PIT,13,5,2016-03-13
4,TOR,ARI,13,5,2015-12-22
5,ANA,CBJ,13,5,2016-02-11
6,CBJ,CAR,13,5,2016-01-08
7,BOS,BUF,13,5,2016-01-15
8,VAN,SJS,13,5,2016-03-03
9,EDM,CGY,13,5,2015-10-17
10,FLA,ARI,13,5,2016-03-05
11,OTT,NYI,13,5,2016-01-22
12,CGY,ANA,13,4,2015-12-29
13,PHI,ARI,13,5,2016-02-27
14,CHI,CBJ,13,5,2015-10-17
15,TOR,SJS,13,5,2016-01-09
16,CHI,VAN,13,5,2015-11-21
17,ANA,EDM,13,5,2015-12-31
18,ANA,STL,13,5,2016-01-08
19,LAK,BOS,13,5,2016-03-19
20,VAN,NSH,13,5,2016-03-12
21,DAL,NSH,13,5,2016-03-29
22,LAK,EDM,13,5,2016-03-26
23,CHI,FLA,13,5,2016-01-22
24,BOS,COL,13,5,2015-11-12
25,TOR,PHI,13,5,2016-01-19
26,FLA,MTL,13,5,2015-12-29
27,LAK,CGY,13,5,2015-12-31
28,SJS,CGY,13,4,2016-01-11
29,STL,CGY,13,5,2015-12-19
30,SJS,COL,13,5,2015-11-01
31,NSH,WPG,13,5,2016-01-21
32,MIN,STL,13,5,2015-10-31
33,EDM,FLA,13,5,2016-01-18
34,BOS,ARI,13,5,2015-10-17
35,TBL,CBJ,13,5,2015-12-26
36,ANA,MTL,13,5,2016-03-02
37,WSH,CBJ,13,5,2016-01-19
38,CBJ,OTT,13,5,2015-10-14
39,ARI,WPG,13,5,2016-01-26
40,CBJ,MTL,13,5,2015-12-01
41,BOS,WSH,13,5,2015-11-05
42,VAN,STL,13,5,2015-10-16
43,CAR,CBJ,13,5,2016-03-24
44,CBJ,SJS,13,5,2015-11-03
45,NJD,BOS,13,5,2016-01-08
46,WSH,PIT,13,5,2016-04-07
47,ANA,NYI,13,5,2015-12-21
48,NJD,COL,13,5,2015-12-01
49,OTT,TBL,13,5,2016-02-08
0,CAR,PHI,13,5,2015-11-23
1,WSH,PHI,13,5,2015-11-12
2,TOR,ANA,13,5,2016-01-06
3,DET,FLA,13,5,2016-03-19
4,PIT,WSH,13,5,2015-12-14
5,OTT,CBJ,13,5,2016-02-13
6,SJS,ANA,13,5,2015-12-04
7,BOS,CAR,13,5,2016-04-05
8,NJD,OTT,13,5,2015-12-30
9,ARI,PHI,13,5,2016-02-27
10,NJD,TBL,13,5,2016-04-07
11,WPG,ANA,13,5,2016-01-03
12,PHI,TOR,13,5,2016-01-19
13,SJS,ARI,13,5,2016-04-09
14,LAK,VAN,13,5,2015-10-13
15,STL,LAK,13,5,2016-01-09
16,CBJ,PHI,13,5,2015-12-19
17,VAN,CGY,13,4,2016-04-07
18,OTT,CAR,13,5,2016-03-08
19,LAK,STL,13,5,2015-11-03
20,CBJ,NJD,13,5,2016-02-25
21,CAR,BOS,13,5,2016-04-05
22,NYI,CBJ,13,5,2016-03-31
23,FLA,DET,13,5,2016-03-19
24,ARI,DET,13,5,2015-12-03
25,OTT,NJD,13,5,2015-12-30
26,NYI,NJD,13,5,2015-12-13
27,DET,CGY,13,5,2015-10-23
28,ANA,SJS,13,5,2015-12-04
29,BOS,WSH,13,5,2016-03-05
30,WSH,NYI,13,5,2016-04-05
31,COL,STL,13,5,2016-04-03
32,CBJ,CAR,13,5,2016-01-09
33,NSH,DAL,13,5,2016-03-01
34,DAL,ANA,13,5,2015-10-27
35,FLA,CBJ,13,5,2016-02-27
36,NYI,ANA,13,5,2015-11-13
37,CGY,EDM,13,5,2015-10-17
38,VAN,TOR,12,6,2016-02-13
39,NJD,PIT,12,6,2016-03-06
40,NYR,COL,12,6,2015-11-06
41,EDM,BUF,12,6,2015-12-06
42,EDM,VAN,12,6,2016-03-18
43,SJS,COL,12,6,2015-12-28
44,BOS,DET,12,6,2016-02-14
45,NSH,COL,12,6,2015-12-12
46,DAL,CHI,12,6,2016-02-06
47,CBJ,PIT,12,6,2015-11-13
48,ARI,SJS,12,6,2016-02-13
49,LAK,NSH,12,6,2016-02-20
0,PIT,DET,12,6,2015-12-31
1,NYR,WPG,12,6,2015-10-13
2,BUF,VAN,12,6,2015-12-07
3,BOS,NJD,12,6,2016-03-29
4,FLA,PHI,12,6,2015-10-12
5,MIN,DAL,12,6,2015-11-14
6,DET,NYI,12,6,2016-02-06
7,WSH,EDM,12,6,2015-10-23
8,ANA,PIT,12,2,2016-02-08
9,CHI,DAL,12,6,2016-02-06
10,DET,PHI,12,6,2016-03-15
11,ARI,WPG,12,6,2015-11-21
12,TOR,CHI,12,6,2016-01-15
13,TOR,BOS,12,6,2016-03-26
14,TOR,NJD,12,6,2016-02-04
15,CBJ,NJD,12,5,2015-11-25
16,PHI,WSH,12,6,2016-03-30
17,ARI,NSH,12,6,2016-04-07
18,WPG,NYR,12,6,2015-10-13
19,ANA,LAK,12,6,2016-02-28
20,CHI,ARI,12,6,2016-04-05
21,NSH,COL,12,6,2016-01-08
22,COL,CHI,12,6,2015-12-31
23,NYR,CAR,12,6,2015-11-10
24,CGY,ANA,12,6,2016-02-21
25,MIN,BOS,12,5,2016-02-13
26,NYR,EDM,12,6,2015-12-15
27,NYR,VAN,12,6,2015-12-09
28,FLA,BUF,12,6,2016-01-05
29,MTL,STL,12,6,2016-01-16
30,MIN,ARI,12,6,2015-12-11
31,WPG,SJS,12,6,2016-01-02
32,CHI,ARI,12,6,2016-02-04
33,PIT,NJD,12,6,2015-11-14
34,DET,WSH,12,6,2015-11-18
35,DAL,CGY,12,6,2016-01-25
36,STL,NSH,12,6,2015-11-07
37,NYI,NJD,12,6,2015-11-03
38,STL,ARI,12,6,2016-04-04
39,WSH,NSH,12,6,2016-02-09
40,LAK,SJS,12,6,2015-10-22
41,NYR,NSH,12,5,2015-11-23
42,EDM,DET,12,6,2015-10-21
43,LAK,CHI,12,6,2016-03-14
44,CHI,WSH,12,6,2016-02-28
45,WSH,PHI,12,6,2016-03-30
46,CHI,DAL,12,6,2016-03-11
47,FLA,TBL,12,6,2016-03-26
48,EDM,TOR,12,6,2016-02-11
49,CHI,NSH,12,3,2015-12-10
0,VAN,NYI,12,3,2016-03-01
1,PIT,PHI,12,6,2016-01-21
2,VAN,PHI,12,6,2015-12-17
3,MTL,LAK,12,6,2016-03-03
4,BOS,PIT,12,6,2015-12-18
5,EDM,VAN,12,6,2016-04-06
6,PIT,COL,12,6,2015-11-19
7,DET,PIT,12,6,2015-12-31
8,TOR,PIT,12,6,2015-10-17
9,WPG,DAL,12,6,2016-02-25
10,VAN,LAK,12,6,2015-12-01
11,COL,DET,12,5,2016-02-27
12,NSH,DET,12,6,2015-12-05
13,NYR,MTL,12,6,2015-10-15
14,VAN,DET,12,6,2015-10-24
15,MTL,PHI,12,6,2016-02-02
16,FLA,BUF,12,6,2015-10-15
17,OTT,STL,12,6,2016-03-01
18,CAR,TOR,12,6,2016-02-25
19,SJS,PIT,12,5,2015-11-21
20,BUF,TOR,12,6,2016-03-07
21,TOR,NJD,12,6,2016-04-09
22,MTL,VAN,12,5,2015-11-16
23,MTL,NYR,12,6,2015-10-15
24,CAR,TOR,12,6,2015-11-20
25,MTL,TOR,12,6,2015-10-24
26,FLA,NJD,12,6,2016-03-31
27,TOR,CAR,12,6,2016-02-25
28,LAK,ARI,12,6,2016-02-02
29,CHI,PHI,12,6,2015-10-14
30,NJD,EDM,12,6,2015-11-20
31,ANA,CGY,12,6,2016-02-15
32,DET,FLA,12,6,2016-02-04
33,COL,ARI,12,6,2015-11-05
34,CBJ,MTL,12,6,2016-01-26
35,OTT,TOR,12,6,2016-02-06
36,BUF,NJD,12,6,2016-04-05
37,DET,PHI,12,6,2016-01-17
38,DAL,MIN,12,6,2015-11-14
39,WPG,ARI,12,6,2015-12-31
40,CHI,NSH,12,6,2016-01-12
41,MTL,OTT,12,6,2015-10-11
42,WSH,ARI,12,6,2016-02-22
43,SJS,COL,12,6,2016-01-26
44,BUF,COL,12,5,2016-02-14
45,DAL,MTL,12,6,2015-12-19
46,COL,LAK,12,6,2016-01-27
47,VAN,EDM,12,6,2016-04-06
48,LAK,ANA,12,6,2016-02-04
49,PHI,DAL,12,6,2015-12-11
0,FLA,MTL,12,6,2016-04-05
1,DET,WPG,12,6,2016-03-10
2,DAL,ARI,12,6,2016-03-24
3,CBJ,WSH,12,6,2016-01-02
4,WSH,PHI,12,6,2016-01-27
5,COL,NSH,12,6,2015-12-12
6,VAN,PIT,12,6,2015-11-04
7,OTT,MIN,11,4,2016-03-15
8,ARI,NJD,11,4,2015-10-20
9,OTT,NYR,11,4,2015-11-14
10,TBL,VAN,11,4,2015-12-22
11,CBJ,NYI,11,4,2015-10-20
12,SJS,MIN,11,4,2016-04-05
13,MIN,CHI,11,4,2016-03-29
14,CBJ,CAR,11,4,2016-03-24
15,NYI,BOS,11,4,2015-10-23
16,DAL,CGY,11,4,2015-12-17
17,SJS,FLA,11,4,2015-11-05
18,STL,OTT,11,4,2016-01-04
19,CHI,SJS,11,4,2015-12-20
20,TOR,STL,11,4,2015-12-05
21,CAR,OTT,11,4,2016-03-08
22,OTT,TOR,11,4,2016-03-05
23,CBJ,ARI,11,4,2015-12-17
24,FLA,ANA,11,4,2015-11-19
25,WPG,COL,11,4,2015-11-28
26,BOS,NYR,11,4,2015-11-27
27,BUF,OTT,11,4,2016-01-26
28,NYI,WSH,11,4,2016-04-05
29,TBL,TOR,11,4,2016-02-29
30,TOR,BOS,11,4,2016-01-16
31,DAL,BUF,11,4,2015-11-21
32,VAN,LAK,11,4,2015-10-13
33,TBL,NYI,11,4,2016-04-04
34,EDM,ANA,11,4,2015-12-31
35,PIT,OTT,11,4,2015-10-15
36,BOS,NJD,11,4,2016-01-08
37,BUF,VAN,11,4,2015-11-07
38,TOR,PIT,11,4,2015-10-31
39,BUF,DET,11,4,2015-12-01
40,MTL,TBL,11,4,2016-02-09
41,STL,TBL,11,4,2016-02-14
42,COL,NJD,11,4,2015-12-01
43,CBJ,WSH,11,3,2016-01-19
44,ANA,BOS,11,4,2016-03-18
45,BOS,PHI,11,4,2016-01-13
46,FLA,CHI,11,4,2016-01-22
47,ANA,DAL,11,4,2015-10-27
48,NJD,CHI,11,4,2015-11-06
49,MIN,SJS,11,4,2016-04-05
0,MTL,TBL,11,4,2016-03-31
1,MTL,STL,11,4,2015-10-20
2,MIN,OTT,11,4,2016-03-15
3,BOS,EDM,11,4,2015-12-14
4,WSH,MTL,11,4,2015-12-26
5,COL,NSH,11,4,2016-03-28
6,PHI,WSH,11,4,2015-11-12
7,MTL,OTT,11,4,2016-03-19
8,MTL,WSH,11,4,2015-12-26
9,TBL,DET,11,4,2016-03-22
10,WSH,BUF,11,4,2015-12-28
11,ARI,ANA,11,4,2015-10-14
12,NYI,FLA,11,4,2016-03-14
13,WPG,BUF,11,4,2016-01-10
14,VAN,NSH,11,4,2016-01-26
15,NJD,DAL,11,4,2016-03-04
16,CHI,STL,11,4,2016-04-07
17,SJS,CGY,11,4,2015-11-28
18,STL,BUF,11,4,2015-11-23
19,CBJ,NYI,11,4,2016-03-31
20,SJS,TOR,11,4,2016-01-09
21,ANA,FLA,11,4,2015-11-19
22,VAN,BUF,11,4,2015-11-07
23,VAN,STL,11,4,2016-03-25
24,CGY,DAL,11,4,2015-12-17
25,CBJ,WPG,11,4,2015-10-31
26,NSH,COL,11,4,2016-04-05
27,VAN,LAK,11,4,2016-03-07
28,PHI,NYI,11,4,2016-01-09
29,CAR,PHI,11,4,2015-12-15
30,DAL,FLA,11,4,2015-10-24
31,DAL,VAN,11,4,2015-12-03
32,ARI,STL,11,4,2016-02-20
33,CAR,LAK,11,4,2015-11-22
34,SJS,EDM,11,4,2016-03-08
35,TBL,NJD,11,4,2016-04-07
36,DAL,NJD,11,4,2016-03-04
37,ANA,WPG,11,4,2016-03-20
38,WPG,CGY,11,4,2016-03-16
39,OTT,PIT,11,4,2015-10-15
40,BUF,CBJ,11,4,2015-10-12
41,SJS,LAK,11,4,2016-03-28
42,PHI,CBJ,11,4,2015-12-05
43,EDM,BOS,11,4,2015-12-14
44,ARI,NJD,11,4,2016-01-16
45,OTT,STL,11,4,2016-01-04
46,OTT,BUF,11,4,2016-01-26
47,WPG,COL,11,3,2015-11-23
48,MIN,NJD,11,4,2016-01-10
49,WPG,MIN,11,4,2015-11-27
0,WPG,NSH,11,4,2016-01-21
1,EDM,COL,11,4,2016-02-20
2,COL,EDM,11,4,2016-02-20
3,TBL,STL,11,4,2016-02-14
4,BOS,ANA,11,4,2016-03-18
5,NYR,NJD,11,4,2015-10-18
6,NJD,EDM,11,4,2016-02-09
7,WSH,LAK,11,4,2016-02-16
8,TOR,TBL,10,5,2016-03-15
9,TOR,CAR,10,5,2016-01-21
10,TOR,CBJ,10,5,2015-10-16
11,TBL,NYR,10,5,2015-11-19
12,NJD,BUF,10,5,2015-10-24
13,BUF,DET,10,5,2016-03-28
14,TOR,WSH,10,5,2016-03-02
15,NYR,DET,10,5,2016-02-21
16,CGY,STL,10,5,2016-03-14
17,NJD,PIT,10,5,2015-11-14
18,BOS,MTL,10,5,2016-01-19
19,DAL,COL,10,5,2016-02-04
20,PIT,WSH,10,5,2016-03-01
21,BOS,TBL,10,5,2016-03-08
22,NJD,TOR,10,5,2015-12-08
23,CGY,BOS,10,5,2016-03-01
24,WSH,CAR,10,5,2015-10-17
25,TOR,TBL,10,5,2016-03-28
26,EDM,CGY,10,5,2016-01-16
27,NYI,NYR,10,5,2016-01-14
28,MTL,WPG,10,5,2015-11-01
29,DET,NYR,10,5,2016-02-21
30,NYR,TBL,10,5,2015-11-19
31,TOR,BOS,10,5,2016-02-02
32,LAK,CAR,10,5,2015-10-23
33,PHI,EDM,10,5,2015-11-03
34,FLA,TBL,10,5,2016-01-23
35,WPG,CHI,10,5,2015-12-11
36,STL,DET,10,5,2016-01-20
37,CGY,CAR,10,5,2016-01-24
38,DET,NYI,10,5,2016-02-15
39,NJD,CHI,10,5,2015-11-12
40,NSH,ANA,10,5,2015-10-22
41,ANA,VAN,10,5,2016-02-18
42,VAN,EDM,10,5,2016-03-18
43,PIT,COL,10,5,2015-12-09
44,WSH,SJS,10,5,2015-10-13
45,TOR,BUF,10,5,2016-03-31
46,LAK,TOR,10,5,2016-01-07
47,NYR,NJD,10,1,2016-02-08
48,PIT,BOS,10,5,2015-12-18
49,NYI,STL,10,5,2015-10-24
0,BOS,SJS,10,5,2015-11-17
1,LAK,MIN,10,5,2016-03-22
2,LAK,SJS,10,5,2015-12-22
3,DET,NSH,10,5,2015-12-05
4,PIT,TOR,10,5,2015-12-30
5,NYI,MIN,10,5,2016-02-23
6,NSH,MTL,10,5,2015-12-21
7,STL,CHI,10,5,2015-11-04
8,MIN,NSH,10,5,2015-12-19
9,WSH,BUF,10,5,2015-12-30
10,ANA,CHI,10,5,2015-11-27
11,NSH,PIT,10,5,2016-03-31
12,BOS,PHI,10,5,2016-01-25
13,PHI,VAN,10,5,2015-12-17
14,CAR,PIT,10,5,2016-03-17
15,CAR,VAN,10,5,2016-01-06
16,COL,MIN,10,5,2016-03-26
17,OTT,DET,10,5,2015-10-30
18,BUF,FLA,10,5,2015-10-15
19,LAK,PHI,10,5,2015-11-17
20,WPG,CAR,10,5,2016-02-16
21,MIN,CGY,10,5,2016-03-24
22,DET,TBL,10,5,2016-02-03
23,CAR,STL,10,5,2016-01-14
24,MTL,NYI,10,5,2015-11-22
25,CAR,TBL,10,5,2016-02-21
26,COL,NYI,10,5,2015-12-17
27,PHI,CBJ,10,5,2016-03-22
28,COL,DAL,10,5,2016-01-23
29,EDM,DAL,10,5,2015-10-13
30,MIN,CHI,10,5,2016-02-21
31,CBJ,BOS,10,5,2016-01-23
32,NJD,NYR,10,5,2016-02-08
33,MTL,EDM,10,5,2015-10-29
34,NJD,PHI,10,4,2016-02-13
35,CBJ,ANA,10,5,2015-11-06
36,COL,DET,10,5,2016-02-12
37,COL,CAR,10,5,2015-10-21
38,PIT,NSH,10,5,2016-03-31
39,BOS,CHI,10,5,2016-04-03
40,STL,WPG,10,5,2016-02-09
41,VAN,NYI,10,5,2016-01-17
42,MTL,NYR,10,5,2015-11-25
43,NYI,TOR,10,4,2016-03-09
44,TBL,TOR,10,5,2016-03-15
45,DAL,DET,10,5,2015-11-08
46,MIN,FLA,10,5,2016-01-03
47,TOR,FLA,10,5,2016-04-04
48,DAL,STL,10,5,2016-03-12
49,COL,TOR,10,5,2015-11-17
0,NJD,FLA,10,5,2015-12-06
1,TBL,EDM,10,5,2016-01-19
2,PIT,FLA,10,5,2016-02-06
3,TOR,MTL,10,5,2015-10-24
4,SJS,LAK,10,5,2015-10-22
5,ARI,COL,10,5,2015-11-05
6,WPG,NSH,10,5,2016-03-08
7,DET,MTL,10,5,2015-10-17
8,TBL,WSH,10,5,2015-11-27
9,FLA,NYI,10,5,2015-12-15
10,VAN,TOR,10,5,2015-11-14
11,VAN,OTT,10,5,2016-02-25
12,WSH,MIN,10,5,2016-02-11
13,DAL,TOR,10,5,2015-11-02
14,NYI,NYR,10,5,2016-04-07
15,TOR,NJD,10,5,2015-12-08
16,FLA,PHI,10,5,2016-03-12
17,BOS,CGY,10,5,2015-12-04
18,CAR,NYR,10,5,2015-11-30
19,TBL,PHI,10,5,2016-03-07
20,WSH,OTT,10,5,2016-01-10
21,DET,WSH,10,5,2015-12-08
22,TBL,WSH,10,5,2015-12-18
23,SJS,CGY,10,5,2016-02-11
24,CGY,LAK,10,5,2016-02-23
25,OTT,FLA,10,5,2015-12-22
26,OTT,VAN,10,5,2016-02-25
27,PHI,CHI,10,5,2015-10-14
28,FLA,NJD,10,5,2015-12-06
29,MIN,WSH,10,5,2016-02-11
30,FLA,PIT,10,5,2016-02-06
31,CBJ,WSH,10,5,2016-03-28
32,WSH,TOR,10,5,2015-11-07
33,PHI,DAL,10,5,2015-10-20
34,COL,MIN,10,5,2015-12-05
35,NJD,LAK,10,4,2016-03-12
36,WSH,TOR,10,5,2016-03-02
37,CHI,SJS,10,5,2015-11-25
38,SJS,DAL,10,5,2015-10-31
39,ARI,SJS,10,5,2016-03-20
40,FLA,TOR,10,5,2016-03-29
41,MTL,FLA,10,5,2016-04-05
42,PIT,TOR,10,5,2015-10-31
43,PIT,NJD,10,5,2016-03-06
44,TBL,OTT,10,5,2016-03-03
45,CAR,CBJ,10,5,2016-04-02
46,ANA,NSH,10,5,2015-10-22
47,PHI,NYR,10,5,2016-01-16
48,FLA,ANA,10,5,2015-11-04
49,PHI,CGY,10,5,2016-02-29
0,WPG,MIN,10,5,2015-10-25
1,COL,TBL,10,5,2015-10-29
2,NYR,WSH,10,5,2015-12-20
3,EDM,CHI,10,5,2015-11-08
4,CHI,DET,10,5,2016-03-02
5,LAK,MIN,10,5,2015-10-16
6,STL,EDM,10,5,2015-10-15
7,BOS,TBL,10,5,2015-10-31
8,LAK,VAN,10,5,2016-04-04
9,COL,PIT,10,5,2015-11-19
10,TBL,FLA,10,5,2016-03-26
11,ANA,ARI,10,5,2016-02-05
12,DET,TBL,10,5,2015-11-03
13,ANA,ARI,10,5,2015-11-09
14,TOR,OTT,10,5,2016-02-06
15,LAK,FLA,10,5,2015-11-23
16,CGY,EDM,10,5,2015-10-31
17,TBL,LAK,10,5,2015-12-06
18,CAR,CGY,10,5,2016-01-24
19,CBJ,NJD,10,5,2015-10-27
20,DET,BUF,10,5,2016-01-02
21,PIT,TBL,10,5,2016-01-15
22,NSH,CHI,10,5,2016-01-12
23,WPG,DAL,10,5,2016-02-02
24,CHI,DAL,10,5,2015-12-22
25,NYR,TBL,10,5,2015-12-30
26,OTT,TOR,10,5,2016-03-12
27,ANA,DAL,10,5,2016-04-03
28,BOS,MIN,10,5,2016-02-13
29,VAN,NYR,10,5,2015-12-09
30,PIT,TOR,10,5,2015-10-17
31,CHI,WPG,10,5,2015-12-11
32,DAL,CHI,10,5,2016-03-11
33,ARI,EDM,10,5,2016-01-02
34,CGY,NYR,10,5,2015-12-12
35,CBJ,PIT,10,5,2016-03-11
36,VAN,DAL,10,5,2015-11-27
37,TOR,WPG,10,5,2015-12-02
38,MIN,CGY,10,5,2016-02-17
39,EDM,NYR,10,5,2015-12-15
40,ARI,PIT,10,5,2016-02-29
41,WPG,CGY,10,5,2015-12-22
42,TOR,BOS,10,5,2015-11-23
43,TOR,VAN,10,5,2016-02-13
44,WPG,DAL,10,5,2016-02-23
45,ANA,MIN,10,5,2015-10-24
46,BOS,STL,10,5,2016-04-01
47,BUF,WSH,10,5,2015-12-30
48,NYI,WPG,10,5,2015-10-12
49,FLA,COL,10,5,2015-10-27
0,MIN,FLA,10,5,2016-02-28
1,PHI,NJD,10,5,2015-10-29
2,CGY,MIN,10,5,2016-03-24
3,WSH,CHI,10,5,2016-02-28
4,NYR,DET,10,5,2016-03-12
5,STL,TOR,10,5,2016-01-02
6,PIT,NYI,10,5,2016-03-08
7,STL,OTT,10,5,2016-03-01
8,ARI,MTL,10,5,2015-11-19
9,CGY,CAR,10,5,2016-02-03
10,LAK,DET,10,4,2015-11-20
11,VAN,PIT,10,5,2016-01-23
12,TOR,ARI,10,5,2015-10-26
13,CBJ,EDM,10,5,2016-02-02
14,BOS,EDM,10,5,2015-12-02
15,STL,SJS,10,5,2016-02-04
16,ARI,FLA,10,5,2016-02-25
17,DAL,STL,10,5,2016-02-16
18,BUF,TBL,10,5,2015-11-10
19,WSH,PHI,10,5,2016-02-07
20,MIN,COL,10,5,2016-03-26
21,PIT,WSH,10,5,2016-04-07
22,COL,ANA,10,5,2016-03-09
23,VAN,NJD,10,5,2015-11-22
24,EDM,ANA,9,3,2015-11-11
25,COL,SJS,9,3,2015-11-01
26,SJS,MTL,9,3,2015-12-15
27,COL,WPG,9,3,2015-11-23
28,OTT,BOS,9,3,2015-12-27
29,EDM,LAK,9,3,2015-12-29
30,TOR,TBL,9,3,2016-02-29
31,WSH,BOS,9,3,2015-11-05
32,ARI,TOR,9,3,2015-12-22
33,TBL,CBJ,9,3,2015-12-14
34,SJS,NSH,9,3,2016-02-06
35,PHI,BOS,9,3,2016-01-13
36,STL,ARI,9,3,2016-02-20
37,CBJ,BOS,9,3,2016-02-22
38,ANA,VAN,9,3,2015-10-12
39,LAK,EDM,9,3,2015-12-29
40,CGY,FLA,9,3,2015-11-10
41,NYI,OTT,9,3,2016-01-22
42,BUF,BOS,9,3,2016-01-15
43,WPG,CHI,9,3,2016-03-18
44,NJD,NYR,9,3,2015-10-18
45,CBJ,ANA,9,3,2016-02-11
46,LAK,EDM,9,3,2015-10-25
47,WSH,PIT,9,3,2015-12-14
48,NYR,PHI,9,3,2015-11-28
49,ANA,CGY,9,3,2015-11-24
0,CBJ,PHI,9,3,2015-12-05
1,MTL,ANA,9,3,2016-03-22
2,TBL,MTL,9,3,2016-02-09
3,WPG,ANA,9,3,2016-03-20
4,ARI,WSH,9,3,2016-04-02
5,CHI,NJD,9,3,2015-11-06
6,SJS,VAN,9,3,2016-03-29
7,SJS,CBJ,9,3,2015-11-03
8,OTT,BUF,9,3,2016-02-16
9,NSH,PHI,9,3,2015-11-27
10,COL,WPG,9,3,2015-11-28
11,NJD,CBJ,9,3,2016-02-25
12,VAN,CGY,9,3,2016-02-06
13,MIN,WPG,9,3,2015-11-10
14,NYR,BOS,9,3,2016-03-23
15,CGY,SJS,9,3,2015-11-28
16,COL,NSH,9,3,2016-04-05
17,NSH,PIT,9,3,2015-10-24
18,NYI,ANA,9,3,2015-12-21
19,CAR,ANA,9,3,2015-12-11
20,LAK,SJS,9,3,2016-03-28
21,ANA,EDM,9,3,2015-11-11
22,SJS,ARI,9,3,2016-03-17
23,PHI,NSH,9,3,2015-11-27
24,VAN,ANA,9,3,2015-10-12
25,CGY,WSH,9,3,2015-11-13
26,EDM,LAK,9,3,2015-10-25
27,NSH,STL,9,3,2016-02-27
28,CAR,CBJ,9,3,2016-01-09
29,CBJ,TBL,9,3,2015-12-14
30,BUF,OTT,9,3,2016-02-16
31,BUF,WPG,9,3,2016-01-10
32,FLA,SJS,9,3,2015-11-05
33,FLA,TBL,9,3,2016-01-17
34,CAR,NJD,9,3,2016-03-27
35,NSH,VAN,9,3,2016-01-26
36,BOS,LAK,9,3,2016-03-19
37,NJD,NYR,9,3,2016-02-23
38,CGY,WPG,9,3,2016-03-16
39,CGY,ANA,9,3,2015-11-24
40,VAN,CHI,9,3,2015-11-21
41,WSH,CGY,9,3,2015-11-13
42,NSH,COL,9,3,2016-03-28
43,BOS,NYI,9,3,2015-10-23
44,EDM,SJS,9,3,2016-03-08
45,ARI,SJS,9,3,2016-03-17
46,NJD,MIN,9,3,2016-01-10
47,VAN,SJS,8,4,2016-03-05
48,CAR,BUF,8,4,2016-03-12
49,TBL,ANA,8,4,2015-11-21
0,OTT,COL,8,3,2016-02-11
1,TBL,DET,8,4,2015-11-03
2,PIT,NJD,8,4,2016-01-26
3,STL,WSH,8,4,2016-03-26
4,MTL,WSH,8,4,2016-02-24
5,TOR,FLA,8,4,2016-03-17
6,VAN,DAL,8,4,2015-10-29
7,CHI,OTT,8,4,2015-12-03
8,NYI,WPG,8,4,2016-03-03
9,SJS,ARI,8,4,2016-03-20
10,COL,TBL,8,4,2016-01-12
11,FLA,NYR,8,4,2016-03-21
12,MTL,NSH,8,4,2015-12-21
13,NSH,EDM,8,4,2016-01-23
14,FLA,CBJ,8,4,2015-12-04
15,WPG,FLA,8,4,2016-02-20
16,DET,VAN,8,4,2015-10-24
17,TOR,COL,8,4,2015-12-21
18,CAR,TBL,8,4,2015-11-01
19,NSH,BOS,8,4,2016-02-18
20,SJS,LAK,8,4,2015-12-22
21,CHI,FLA,8,3,2015-10-22
22,COL,OTT,8,4,2016-02-11
23,ANA,TBL,8,4,2015-12-02
24,MTL,CGY,8,4,2016-03-20
25,MTL,NYR,8,4,2016-03-26
26,WPG,STL,8,4,2015-12-15
27,PHI,BOS,8,4,2016-01-25
28,PHI,NJD,8,4,2016-02-13
29,NYI,PIT,8,4,2016-01-02
30,DET,DAL,8,4,2016-02-29
31,CAR,MTL,8,4,2015-12-05
32,VAN,OTT,8,4,2015-11-12
33,EDM,PIT,8,4,2015-11-28
34,NSH,SJS,8,4,2015-10-28
35,PIT,CBJ,8,4,2015-11-13
36,BUF,PIT,8,4,2016-02-21
37,CHI,CGY,8,4,2016-03-26
38,FLA,CAR,8,4,2015-10-13
39,COL,MTL,8,4,2016-02-17
40,BUF,PIT,8,4,2016-03-29
41,WSH,FLA,8,4,2016-02-02
42,FLA,VAN,8,4,2016-01-11
43,OTT,EDM,8,4,2016-02-23
44,STL,PIT,8,4,2016-01-18
45,FLA,MIN,8,4,2016-01-03
46,FLA,BOS,8,4,2015-12-12
47,NJD,CGY,8,4,2015-11-17
48,BOS,DET,8,4,2016-04-07
49,NYI,BOS,8,4,2015-11-08
0,COL,STL,8,4,2016-03-29
1,PIT,SJS,8,4,2015-11-21
2,PIT,NYI,8,4,2016-03-15
3,TOR,FLA,8,4,2016-03-29
4,NYR,NYI,8,4,2016-01-14
5,FLA,BOS,8,4,2016-03-24
6,SJS,ANA,8,4,2016-02-02
7,SJS,NSH,8,4,2015-10-28
8,STL,CGY,8,4,2016-03-14
9,DET,NYR,8,4,2016-03-12
10,MTL,CHI,8,4,2016-01-17
11,DET,CGY,8,4,2015-12-20
12,COL,MTL,8,4,2015-11-14
13,EDM,CGY,8,4,2015-10-31
14,ANA,NJD,8,4,2016-03-14
15,NYI,PIT,8,4,2016-03-08
16,VAN,MIN,8,4,2016-02-15
17,CAR,NSH,8,4,2016-01-02
18,WPG,CAR,8,4,2016-02-05
19,EDM,ANA,8,4,2016-02-16
20,BUF,ANA,8,4,2015-12-17
21,BOS,NJD,8,4,2015-12-20
22,BOS,MTL,8,4,2015-12-09
23,STL,CAR,8,4,2016-01-14
24,TBL,FLA,8,4,2016-01-23
25,NSH,SJS,8,4,2016-04-02
26,OTT,WSH,8,4,2016-01-10
27,TOR,VAN,8,4,2015-11-14
28,CHI,ANA,8,4,2016-02-13
29,MTL,CAR,8,4,2015-12-05
30,NJD,BUF,8,4,2016-04-05
31,DET,SJS,8,4,2016-01-07
32,WSH,MTL,8,4,2016-02-24
33,CAR,CGY,8,4,2016-02-03
34,MIN,VAN,8,4,2016-02-15
35,EDM,NSH,8,4,2016-03-14
36,STL,PIT,8,4,2015-11-25
37,MIN,CGY,8,4,2016-04-09
38,CGY,NSH,8,4,2016-01-27
39,ANA,DET,8,4,2016-01-23
40,NYI,MIN,8,4,2016-02-02
41,LAK,SJS,8,4,2016-01-24
42,TOR,NYI,8,4,2015-12-29
43,LAK,PIT,8,4,2015-12-11
44,OTT,SJS,8,4,2015-12-18
45,CAR,WPG,8,4,2016-02-16
46,ANA,COL,8,4,2015-10-16
47,TBL,CGY,8,4,2015-11-12
48,NYR,CBJ,8,4,2016-04-04
49,CAR,PIT,8,4,2016-01-17
0,VAN,ARI,8,4,2016-02-10
1,CGY,ANA,8,4,2016-02-15
2,NJD,OTT,8,4,2016-01-21
3,OTT,PHI,8,4,2015-12-01
4,CAR,CHI,8,4,2016-01-26
5,NYI,PIT,8,4,2016-03-15
6,DET,CHI,8,4,2016-03-02
7,MTL,EDM,8,4,2016-02-06
8,WSH,PIT,8,4,2015-10-28
9,BUF,NYR,8,4,2016-01-25
10,CAR,ARI,8,4,2015-12-06
11,PIT,WSH,8,4,2015-10-28
12,WPG,TBL,8,4,2015-10-23
13,STL,BOS,8,4,2016-04-01
14,COL,DAL,8,4,2016-02-04
15,PIT,EDM,8,4,2015-11-28
16,PIT,BOS,8,4,2015-12-16
17,CBJ,BUF,8,4,2016-04-08
18,DET,TOR,8,4,2016-04-02
19,PIT,SJS,8,4,2015-12-01
20,PHI,SJS,8,4,2015-11-19
21,WSH,ANA,8,4,2016-03-07
22,SJS,VAN,8,4,2016-03-31
23,ARI,ANA,8,4,2015-11-25
24,ARI,VAN,8,4,2015-10-30
25,NJD,MTL,8,4,2015-11-27
26,CBJ,DAL,8,4,2015-12-29
27,STL,MIN,8,4,2016-03-06
28,STL,CBJ,8,4,2015-11-17
29,NYR,NYI,8,4,2016-04-07
30,SJS,WPG,8,4,2016-01-02
31,VAN,COL,8,4,2016-02-21
32,EDM,NYI,8,4,2016-02-28
33,ANA,DAL,8,4,2016-01-15
34,NJD,FLA,8,4,2016-03-31
35,EDM,LAK,8,4,2015-11-14
36,BUF,TBL,8,4,2015-10-17
37,NYR,MIN,8,4,2015-12-17
38,EDM,STL,8,4,2016-03-16
39,NYI,NYR,8,4,2015-12-02
40,LAK,OTT,8,3,2016-01-16
41,MTL,PIT,8,4,2016-01-09
42,MIN,WPG,8,4,2016-04-03
43,SJS,STL,8,4,2016-02-04
44,STL,FLA,8,4,2016-02-12
45,DET,LAK,8,4,2015-11-20
46,CHI,TOR,8,3,2016-02-15
47,DET,TOR,8,4,2015-11-06
48,COL,CAR,8,4,2015-10-30
49,OTT,TBL,8,4,2015-12-10
0,CAR,TBL,8,4,2016-03-05
1,NJD,CBJ,8,3,2016-03-19
2,CHI,COL,8,4,2015-12-15
3,NSH,CGY,8,4,2015-12-15
4,BOS,FLA,8,4,2016-03-24
5,ARI,MIN,8,4,2015-12-11
6,CHI,PIT,8,4,2016-01-06
7,EDM,ARI,8,4,2016-01-02
8,DET,CAR,8,4,2015-10-27
9,DAL,WPG,8,4,2016-02-25
10,TBL,OTT,8,4,2015-12-10
11,WSH,CAR,8,4,2015-12-31
12,MTL,NYI,8,4,2015-11-20
13,PHI,PIT,8,4,2016-01-21
14,ARI,MTL,8,4,2016-02-15
15,PIT,CHI,8,4,2016-01-06
16,BOS,COL,8,3,2015-10-14
17,CBJ,NSH,8,4,2016-03-26
18,TBL,FLA,8,4,2015-11-16
19,PIT,OTT,8,4,2016-04-05
20,OTT,CHI,8,4,2015-12-03
21,FLA,LAK,8,4,2015-11-23
22,CHI,DET,8,4,2016-03-06
23,NYR,WSH,8,4,2016-01-17
24,SJS,ARI,8,4,2016-02-13
25,BOS,CAR,8,4,2016-02-26
26,TOR,ANA,8,4,2016-03-24
27,CAR,EDM,8,4,2015-11-25
28,COL,EDM,8,4,2016-03-20
29,MTL,BUF,8,4,2015-10-23
30,CGY,OTT,8,4,2015-10-28
31,LAK,CGY,8,4,2016-04-05
32,PIT,DET,8,4,2016-03-26
33,COL,WPG,8,4,2016-03-12
34,NJD,TOR,8,4,2016-02-04
35,ARI,DAL,8,3,2016-02-18
36,BUF,DET,8,3,2016-01-22
37,TBL,TOR,8,4,2016-01-27
38,VAN,CBJ,8,4,2015-11-10
39,TBL,DET,8,4,2016-02-03
40,PHI,CAR,8,4,2015-11-14
41,EDM,ANA,8,4,2016-03-28
42,NYR,WPG,8,4,2015-12-18
43,CGY,SJS,8,4,2015-12-08
44,WPG,NSH,8,4,2016-01-05
45,NJD,CGY,8,4,2016-01-19
46,ARI,WPG,8,4,2015-12-31
47,PIT,MIN,8,4,2015-12-26
48,VAN,STL,8,4,2016-03-19
49,STL,ARI,8,4,2015-12-08
0,EDM,MTL,8,4,2016-02-06
1,TOR,COL,8,4,2015-11-17
2,BOS,TOR,8,4,2016-02-02
3,DET,ARI,8,4,2016-01-14
4,NSH,CGY,8,4,2016-01-27
5,LAK,VAN,8,4,2015-12-01
6,BOS,BUF,8,4,2016-02-06
7,EDM,STL,8,4,2015-10-15
8,BOS,TBL,8,4,2015-10-12
9,PIT,CBJ,8,4,2016-03-11
10,ARI,CAR,8,4,2015-12-06
11,BUF,CAR,8,4,2016-03-22
12,SJS,TBL,8,4,2015-12-05
13,STL,SJS,8,4,2016-03-22
14,NYI,PHI,8,4,2016-03-21
15,FLA,TBL,8,4,2015-11-16
16,DET,MTL,8,4,2016-03-24
17,NSH,ANA,8,4,2015-11-01
18,DET,ANA,8,4,2016-01-23
19,CAR,COL,8,4,2015-10-21
20,WPG,VAN,8,4,2016-03-14
21,DAL,COL,8,4,2016-04-07
22,SJS,CAR,8,4,2016-02-19
23,ANA,COL,8,4,2016-03-09
24,DET,COL,8,4,2016-02-27
25,WPG,SJS,8,4,2016-04-07
26,ARI,CHI,8,4,2015-12-29
27,DAL,STL,8,4,2015-12-26
28,LAK,DAL,8,4,2016-04-02
29,FLA,WPG,8,4,2016-02-20
30,DAL,NSH,8,4,2016-04-09
31,SJS,LAK,8,4,2016-01-24
32,CGY,DET,8,4,2015-12-20
33,OTT,FLA,8,4,2015-12-08
34,ARI,EDM,8,4,2016-03-22
35,TBL,MIN,8,4,2016-01-02
36,ARI,VAN,8,4,2016-03-09
37,ARI,NSH,8,4,2016-01-09
38,OTT,CGY,8,4,2015-10-28
39,STL,BUF,8,4,2015-11-19
40,TOR,BUF,8,4,2015-10-21
41,LAK,WPG,8,3,2016-03-24
42,TBL,PHI,8,4,2016-03-11
43,PIT,CAR,8,4,2016-01-12
44,TOR,PHI,8,3,2016-04-07
45,WSH,TBL,8,4,2015-12-18
46,NYI,DET,8,4,2016-02-06
47,OTT,MTL,8,4,2015-12-12
48,NYR,DET,8,4,2016-04-09
49,DET,CHI,8,4,2016-03-06
0,ARI,VAN,8,4,2016-02-10
1,CGY,WPG,8,3,2015-10-16
2,WPG,EDM,8,4,2015-12-21
3,NYI,DAL,8,4,2016-03-19
4,VAN,TBL,8,3,2016-01-09
5,NYR,ARI,8,4,2015-11-07
6,SJS,WPG,8,4,2016-04-07
7,PIT,CAR,8,4,2016-01-17
8,WPG,ANA,8,4,2016-04-05
9,DAL,DET,8,4,2016-02-29
10,DET,NJD,8,4,2015-12-11
11,TOR,MIN,8,4,2016-03-03
12,BOS,CBJ,8,4,2016-01-23
13,WSH,OTT,8,4,2016-03-22
14,DAL,WPG,8,4,2015-11-12
15,NYI,DAL,8,4,2016-01-03
16,BOS,FLA,8,4,2015-12-12
17,TOR,CGY,8,4,2016-02-09
18,BOS,CGY,8,4,2016-03-01
19,ANA,CBJ,8,4,2015-11-06
20,VAN,SJS,8,4,2016-02-28
21,NSH,LAK,8,4,2016-03-21
22,MIN,STL,8,4,2015-12-31
23,ANA,WSH,8,4,2016-03-07
24,DAL,WPG,8,4,2016-01-07
25,FLA,WPG,8,4,2016-03-01
26,DET,BOS,8,4,2016-04-07
27,WSH,NYR,8,4,2016-01-17
28,LAK,OTT,8,4,2015-12-14
29,ANA,BUF,8,4,2015-12-17
30,WSH,DAL,8,4,2016-02-13
31,ARI,NYR,8,3,2015-11-07
32,PIT,CAR,8,4,2015-12-19
33,NYI,TOR,8,4,2015-12-29
34,CGY,PHI,8,4,2016-02-29
35,STL,DAL,8,4,2016-03-12
36,TBL,PIT,8,4,2016-01-15
37,NYI,BUF,8,4,2015-12-31
38,NSH,STL,8,4,2015-11-07
39,ANA,STL,8,4,2016-03-11
40,CHI,TBL,8,4,2016-01-21
41,NYR,PHI,8,4,2016-01-16
42,MTL,PIT,8,4,2015-11-11
43,CHI,TBL,8,4,2015-10-24
44,VAN,DET,8,4,2015-12-18
45,OTT,FLA,8,4,2016-01-07
46,PIT,MTL,8,4,2016-01-09
47,EDM,WSH,8,4,2015-10-23
48,ARI,DET,8,4,2016-01-14
49,DET,OTT,8,4,2015-10-30
0,BOS,TBL,8,4,2016-02-28
1,WSH,BOS,8,4,2016-01-05
2,ANA,ARI,8,4,2015-11-25
3,TOR,MTL,8,4,2016-02-27
4,PIT,MTL,8,4,2015-11-11
5,NYR,STL,8,4,2015-11-12
6,NSH,DAL,8,4,2016-04-09
7,FLA,SJS,8,4,2016-02-18
8,VAN,SJS,8,4,2016-03-31
9,BOS,SJS,8,4,2016-03-15
10,CGY,CHI,8,4,2016-03-26
11,PHI,BOS,8,3,2015-10-21
12,PIT,BUF,8,4,2016-03-29
13,DAL,SJS,8,4,2015-10-31
14,NYR,CAR,8,4,2015-11-30
15,LAK,PHI,8,4,2016-01-02
16,ANA,VAN,8,3,2015-11-30
17,BOS,DAL,8,4,2015-11-03
18,STL,NSH,8,4,2015-12-17
19,DAL,ARI,8,4,2016-02-18
20,ARI,EDM,8,4,2015-11-12
21,STL,CGY,8,4,2015-10-13
22,TOR,NSH,8,4,2015-11-12
23,WSH,PIT,8,4,2016-03-01
24,VAN,MTL,8,4,2015-11-16
25,NYR,CHI,8,4,2016-02-17
26,WSH,NJD,8,4,2016-03-25
27,DET,STL,8,4,2016-01-20
28,ARI,ANA,8,4,2015-11-09
29,NYR,SJS,8,4,2016-03-19
30,NYI,FLA,8,4,2015-12-15
31,NSH,CGY,8,4,2016-03-09
32,CBJ,VAN,8,4,2015-11-10
33,VAN,FLA,8,4,2015-12-20
34,ARI,WSH,8,4,2016-02-22
35,NJD,NYR,8,4,2016-02-02
36,CGY,ARI,8,4,2016-03-11
37,NYR,MTL,8,4,2015-11-25
38,BUF,BOS,8,4,2016-02-04
39,STL,PHI,8,4,2015-12-21
40,CHI,ANA,8,4,2015-11-27
41,VAN,COL,8,4,2016-02-09
42,LAK,NYI,8,4,2016-02-11
43,EDM,NJD,8,4,2015-11-20
44,PHI,MTL,8,4,2016-01-05
45,EDM,ARI,8,4,2016-01-12
46,MTL,CGY,8,4,2015-10-30
47,WPG,DAL,8,4,2015-11-12
48,DAL,BOS,8,4,2015-11-03
49,EDM,SJS,8,4,2016-01-14
0,WPG,NYI,8,4,2016-03-03
1,BOS,TOR,8,4,2016-03-26
2,MTL,COL,8,4,2016-02-17
3,DAL,NJD,8,4,2016-01-02
4,VAN,ANA,8,4,2016-02-18
5,TOR,MTL,8,4,2016-01-23
6,EDM,PIT,8,4,2015-11-06
7,NYI,DET,8,4,2016-02-15
8,STL,ANA,8,4,2016-03-11
9,CHI,MIN,8,4,2015-12-01
10,CBJ,NJD,8,4,2016-03-19
11,PHI,MTL,8,4,2016-02-19
12,LAK,MTL,8,4,2016-03-03
13,NYI,NJD,8,4,2015-10-31
14,TOR,CAR,8,4,2015-11-20
15,MIN,LAK,8,4,2015-10-16
16,ANA,BUF,8,4,2016-02-24
17,TBL,ANA,8,4,2015-12-02
18,NJD,CBJ,8,4,2015-10-27
19,DAL,WPG,8,4,2016-02-02
20,TOR,DET,8,4,2016-04-02
21,MTL,NJD,8,4,2015-11-27
22,TBL,BOS,8,4,2015-10-12
23,MTL,NYI,8,4,2015-11-05
24,WSH,VAN,8,4,2016-01-14
25,NSH,EDM,8,4,2016-03-14
26,COL,VAN,8,4,2016-02-21
27,SJS,WSH,8,4,2015-10-13
28,BUF,MTL,8,4,2016-02-12
29,EDM,MIN,8,4,2016-03-10
30,CBJ,BOS,8,4,2016-02-16
31,WSH,NYI,8,4,2016-02-18
32,DAL,WPG,8,4,2016-02-23
33,ARI,NYI,8,4,2015-11-16
34,ANA,EDM,8,4,2016-02-16
35,EDM,DAL,8,4,2015-12-04
36,CGY,MTL,8,4,2015-10-30
37,NSH,TOR,8,4,2016-02-23
38,FLA,OTT,8,4,2016-01-07
39,TOR,OTT,7,2,2016-03-05
40,ANA,MTL,7,2,2016-03-22
41,BOS,DAL,7,2,2016-02-20
42,BOS,STL,7,2,2015-12-22
43,DAL,TBL,7,2,2016-03-17
44,SJS,EDM,7,2,2016-03-24
45,CGY,SJS,7,2,2016-01-11
46,COL,NYR,7,2,2015-12-03
47,SJS,CHI,7,2,2015-12-20
48,DET,ARI,7,2,2015-12-03
49,CBJ,NYR,7,2,2016-02-29
0,STL,VAN,7,2,2016-03-25
1,MIN,VAN,7,2,2015-12-15
2,EDM,LAK,7,2,2016-03-26
3,SJS,VAN,7,2,2016-03-03
4,FLA,EDM,7,2,2016-01-18
5,TBL,DAL,7,2,2016-03-17
6,FLA,CGY,7,2,2015-11-10
7,WSH,ARI,7,2,2016-04-02
8,BOS,PIT,7,2,2016-02-24
9,CGY,LAK,7,2,2015-12-31
10,BOS,OTT,7,2,2016-04-09
11,BUF,STL,7,2,2015-11-19
12,NYR,CBJ,7,2,2016-02-29
13,ARI,CBJ,7,2,2015-12-17
14,BUF,WSH,7,2,2015-12-28
15,COL,OTT,7,2,2015-11-25
16,TBL,MTL,7,2,2016-03-31
17,CGY,VAN,7,2,2016-02-06
18,CGY,DAL,6,3,2016-01-25
19,LAK,MIN,6,3,2016-01-21
20,SJS,NYI,6,3,2015-10-17
21,WSH,VAN,6,3,2015-10-22
22,MIN,BUF,6,2,2016-03-05
23,DAL,OTT,6,3,2016-03-06
24,PHI,NYR,6,3,2015-10-24
25,LAK,NSH,6,3,2015-10-31
26,SJS,STL,6,3,2016-02-22
27,TBL,NSH,6,3,2015-10-20
28,NJD,WSH,6,3,2016-02-20
29,WPG,CHI,6,3,2015-10-29
30,VAN,LAK,6,3,2016-04-04
31,NYI,STL,6,3,2015-12-04
32,FLA,NSH,6,3,2015-12-03
33,STL,CAR,6,3,2016-02-28
34,ANA,EDM,6,3,2016-02-26
35,PHI,WSH,6,3,2016-01-27
36,CAR,NYI,6,3,2016-02-13
37,MIN,DAL,6,3,2015-12-21
38,TOR,CGY,6,3,2016-03-21
39,LAK,CGY,6,3,2016-02-23
40,PHI,LAK,6,3,2016-01-02
41,WPG,OTT,6,2,2015-11-05
42,MIN,SJS,6,3,2016-01-23
43,DAL,NYR,6,3,2016-01-05
44,COL,NSH,6,3,2016-01-08
45,NYI,NSH,6,3,2015-10-15
46,SJS,BOS,6,3,2015-11-17
47,WSH,NYI,6,3,2016-01-07
48,ANA,VAN,6,3,2016-04-01
49,TBL,NYR,6,3,2015-12-30
0,CBJ,MIN,6,3,2016-01-05
1,LAK,FLA,6,3,2015-11-07
2,EDM,ANA,6,3,2016-02-26
3,TOR,DET,6,3,2015-11-06
4,PIT,NJD,6,3,2016-03-24
5,COL,NYI,6,3,2015-11-30
6,WPG,FLA,6,3,2016-03-01
7,WPG,CHI,6,3,2016-04-01
8,VAN,CBJ,6,3,2016-02-04
9,MIN,DET,6,3,2016-04-01
10,TBL,ARI,6,3,2016-02-23
11,NSH,TOR,6,3,2015-11-12
12,MTL,PHI,6,3,2016-01-05
13,TBL,CAR,6,3,2016-02-21
14,BUF,CAR,6,3,2016-03-12
15,WSH,CBJ,6,3,2016-03-28
16,NJD,CBJ,6,3,2016-03-20
17,CGY,NYR,6,3,2015-10-25
18,NJD,BOS,6,3,2016-03-29
19,DAL,TBL,6,3,2015-10-15
20,WSH,CBJ,6,3,2016-01-02
21,BOS,ARI,6,3,2015-10-27
22,ARI,CGY,6,3,2016-01-07
23,CBJ,STL,6,3,2015-11-28
24,LAK,BUF,6,3,2016-02-27
25,NYI,CAR,6,3,2016-02-13
26,ARI,TOR,6,3,2015-10-26
27,STL,NYI,6,3,2015-12-04
28,CBJ,CAR,6,3,2016-04-02
29,BUF,TBL,6,3,2015-11-05
30,NSH,ARI,6,3,2016-04-07
31,LAK,MTL,6,3,2015-12-17
32,WPG,WSH,6,3,2015-11-25
33,CHI,EDM,6,3,2015-11-18
34,ANA,LAK,6,3,2016-02-04
35,WSH,NSH,6,3,2016-03-18
36,LAK,NJD,6,3,2016-02-14
37,CHI,DAL,6,3,2016-02-11
38,MTL,DET,6,3,2015-10-17
39,CBJ,TOR,6,3,2016-01-13
40,CBJ,MTL,6,3,2016-01-25
41,DET,BUF,6,3,2015-12-14
42,FLA,STL,6,3,2015-12-01
43,COL,FLA,6,3,2016-03-03
44,CGY,BUF,6,3,2015-12-10
45,CHI,NSH,6,3,2016-01-19
46,DAL,CHI,6,3,2016-03-22
47,NYI,LAK,6,3,2016-02-11
48,CGY,LAK,6,3,2016-03-31
49,PIT,NSH,6,3,2015-10-24
0,MTL,BOS,6,3,2015-12-09
1,BUF,FLA,6,3,2015-11-12
2,WPG,MIN,6,3,2016-04-03
3,NSH,ARI,6,3,2016-01-09
4,TBL,BUF,6,3,2015-11-10
5,CHI,WPG,6,3,2016-04-01
6,NJD,SJS,6,3,2016-03-10
7,COL,WSH,6,3,2016-04-01
8,SJS,DET,6,3,2015-11-13
9,ANA,PIT,6,3,2015-12-06
10,CAR,COL,6,3,2015-10-30
11,NJD,PIT,6,3,2016-03-24
12,ANA,CAR,6,3,2015-11-16
13,BUF,COL,6,2,2016-01-20
14,COL,TOR,6,3,2015-12-21
15,TBL,CHI,6,3,2016-01-21
16,EDM,VAN,6,3,2016-04-09
17,LAK,DAL,6,3,2016-03-15
18,FLA,CAR,6,3,2016-04-09
19,BUF,ARI,6,3,2015-12-04
20,NYR,DAL,6,3,2016-01-05
21,COL,BUF,6,3,2016-02-14
22,PIT,CAR,6,3,2016-02-12
23,MIN,DET,6,3,2015-12-28
24,NYI,PHI,6,3,2015-12-08
25,ANA,EDM,6,3,2016-03-28
26,TBL,CHI,6,3,2015-10-24
27,VAN,WPG,6,3,2016-03-22
28,NJD,STL,6,3,2015-11-10
29,TBL,CAR,6,3,2016-03-05
30,TBL,PIT,6,3,2016-02-05
31,PIT,LAK,6,3,2015-12-05
32,ARI,NYI,6,3,2015-12-19
33,CGY,TOR,6,3,2016-02-09
34,NSH,OTT,6,3,2015-11-10
35,NYR,CGY,6,3,2015-10-25
36,DET,CBJ,6,3,2016-02-23
37,NYR,MIN,6,3,2016-02-04
38,BOS,CAR,6,3,2016-03-10
39,CBJ,NSH,6,3,2015-11-20
40,VAN,MIN,6,3,2015-11-25
41,LAK,EDM,6,3,2015-11-14
42,OTT,NYR,6,3,2016-01-24
43,NJD,BUF,6,3,2015-12-15
44,DET,BOS,6,3,2016-02-14
45,MTL,PHI,6,3,2016-02-19
46,FLA,NYR,6,3,2015-11-21
47,EDM,OTT,6,3,2016-02-23
48,NYI,COL,6,3,2015-11-30
49,NSH,CHI,6,3,2015-12-08
0,STL,WPG,6,3,2015-12-15
1,ANA,NYR,6,3,2016-03-16
2,COL,MIN,6,3,2015-12-07
3,BOS,DET,6,3,2015-11-14
4,WSH,FLA,6,3,2015-10-31
5,OTT,DET,6,3,2016-02-20
6,DAL,ANA,6,3,2016-01-15
7,BUF,BOS,6,3,2016-02-06
8,CAR,FLA,6,3,2015-10-13
9,VAN,WPG,6,3,2016-03-14
10,WPG,TOR,6,3,2015-11-04
11,CAR,NYI,6,3,2016-03-29
12,SJS,MTL,6,3,2016-02-29
13,STL,NSH,6,3,2015-12-29
14,CHI,DAL,6,3,2016-03-22
15,ARI,TBL,6,3,2016-02-23
16,OTT,MTL,6,3,2015-11-03
17,NJD,TOR,6,3,2016-04-09
18,ARI,EDM,6,3,2016-01-12
19,DAL,CBJ,6,3,2015-12-29
20,CGY,WSH,6,3,2015-10-20
21,PIT,DAL,6,3,2015-10-22
22,DET,COL,6,3,2016-02-12
23,FLA,OTT,6,3,2016-03-10
24,NYR,PIT,6,3,2016-03-03
25,DET,DAL,6,3,2015-11-08
26,WSH,MIN,6,3,2016-02-26
27,DAL,ANA,6,3,2016-04-03
28,NJD,MIN,6,3,2016-03-17
29,WPG,STL,6,3,2016-02-09
30,SJS,BUF,6,3,2015-11-14
31,NSH,MIN,6,3,2016-01-16
32,FLA,NYI,6,3,2015-11-27
33,ANA,FLA,6,3,2015-11-04
34,DET,TBL,6,3,2015-10-13
35,MIN,CAR,6,3,2015-11-12
36,ANA,VAN,6,3,2016-01-01
37,FLA,OTT,6,3,2016-04-07
38,VAN,PHI,6,3,2015-11-02
39,TBL,BOS,6,3,2015-10-31
40,CGY,MIN,6,3,2016-02-17
41,ARI,CGY,6,3,2016-03-11
42,DAL,OTT,6,3,2015-11-24
43,ARI,DAL,6,3,2016-03-24
44,DET,CBJ,6,3,2016-03-17
45,WPG,LAK,6,3,2016-03-24
46,DAL,NYR,6,3,2016-02-27
47,STL,NYR,6,3,2015-11-12
48,BUF,MTL,6,3,2015-10-23
49,NYR,FLA,6,3,2016-03-21
0,DET,BOS,6,3,2015-11-25
1,DET,CAR,6,3,2015-10-16
2,DET,BUF,6,3,2016-03-28
3,LAK,ARI,6,3,2015-11-10
4,CAR,TOR,6,3,2016-01-21
5,COL,SJS,6,3,2015-12-28
6,WPG,COL,6,3,2016-03-12
7,MIN,NYR,6,3,2016-02-04
8,CGY,ARI,6,3,2016-01-07
9,NYR,LAK,6,3,2016-03-17
10,SJS,MIN,6,3,2016-01-23
11,NSH,NJD,6,3,2016-03-03
12,STL,COL,6,3,2016-01-22
13,MIN,NYI,6,3,2016-02-23
14,OTT,CGY,6,3,2016-02-27
15,PHI,PIT,6,3,2016-04-09
16,OTT,NYI,6,3,2016-03-23
17,CBJ,DET,6,3,2016-03-17
18,CAR,FLA,6,3,2015-12-18
19,OTT,CAR,6,3,2015-11-07
20,WPG,PHI,6,3,2016-03-28
21,BUF,BOS,6,3,2015-12-26
22,PHI,STL,6,3,2015-12-21
23,NYR,TOR,6,3,2015-11-15
24,MTL,TBL,6,3,2015-12-28
25,DAL,CHI,6,3,2016-02-11
26,WPG,NYR,6,3,2015-12-18
27,MTL,BUF,6,3,2016-02-03
28,DET,WSH,6,3,2015-11-10
29,NYI,SJS,6,3,2015-11-10
30,EDM,TBL,6,3,2016-01-19
31,PIT,PHI,6,3,2016-03-19
32,STL,NSH,6,3,2016-02-02
33,PHI,FLA,6,3,2016-03-12
34,BOS,BUF,6,3,2016-02-04
35,PHI,OTT,6,3,2016-04-02
36,TOR,NYI,6,3,2016-03-09
37,COL,ARI,6,3,2016-03-07
38,NJD,MTL,6,3,2016-01-06
39,SJS,PIT,6,3,2015-12-01
40,OTT,WSH,6,3,2015-12-16
41,MTL,BOS,6,3,2016-01-19
42,BOS,CBJ,6,3,2016-02-16
43,CAR,WSH,6,3,2015-10-17
44,BUF,EDM,6,3,2016-03-01
45,BUF,CAR,6,3,2015-11-27
46,TBL,TOR,6,3,2015-12-15
47,TOR,SJS,6,3,2015-12-17
48,STL,NYI,6,3,2015-10-24
49,NYI,MTL,6,3,2015-11-05
0,ARI,CAR,6,3,2015-12-12
1,TOR,MIN,6,3,2015-12-03
2,CAR,LAK,6,3,2015-10-23
3,NSH,WPG,6,3,2016-01-05
4,WPG,DAL,6,3,2016-01-07
5,CGY,ARI,6,3,2015-11-27
6,WSH,WPG,6,3,2015-11-25
7,WSH,CBJ,6,3,2015-10-30
8,ANA,DET,6,3,2016-01-10
9,CHI,LAK,6,3,2015-11-02
10,TBL,MIN,6,3,2015-11-07
11,BOS,PIT,6,3,2015-12-16
12,PHI,PIT,6,3,2016-03-19
13,NSH,STL,6,3,2015-12-29
14,ANA,MIN,6,3,2016-01-20
15,TOR,DET,6,3,2016-03-13
16,DET,LAK,6,3,2016-01-11
17,WSH,MTL,6,3,2015-12-03
18,VAN,EDM,6,3,2015-12-26
19,MTL,DAL,6,3,2016-03-08
20,NJD,DET,6,3,2015-12-11
21,BOS,MTL,6,3,2015-11-07
22,WPG,CHI,6,3,2015-12-06
23,NSH,CAR,6,3,2016-01-02
24,BUF,NSH,6,3,2015-11-28
25,DET,VAN,6,3,2015-12-18
26,TOR,WSH,6,3,2015-11-28
27,LAK,WPG,6,3,2016-04-09
28,CAR,PHI,6,3,2016-02-23
29,NJD,ANA,6,3,2016-03-14
30,MTL,WPG,6,3,2016-03-05
31,PIT,CGY,6,2,2016-03-05
32,NYR,WSH,6,3,2016-01-09
33,FLA,DAL,6,3,2015-10-17
34,ANA,WPG,6,3,2016-04-05
35,VAN,CAR,6,2,2016-01-15
36,CHI,COL,6,3,2015-12-31
37,EDM,ARI,6,3,2015-11-12
38,BUF,NYR,6,3,2016-04-02
39,WSH,NYR,6,3,2016-01-09
40,COL,CHI,6,3,2016-02-02
41,CAR,NJD,6,3,2016-03-01
42,BUF,ANA,6,3,2016-02-24
43,OTT,NSH,6,3,2015-11-10
44,DAL,VAN,6,3,2015-10-29
45,CHI,TOR,6,3,2016-01-15
46,CHI,WPG,6,3,2015-10-29
47,PHI,MIN,6,3,2016-02-25
48,FLA,COL,6,3,2016-03-03
49,CBJ,VAN,6,3,2016-02-04
0,NJD,WSH,6,3,2016-02-06
1,DET,EDM,6,3,2015-10-21
2,TOR,TBL,6,3,2015-12-15
3,PHI,CHI,6,3,2016-03-16
4,PHI,NYI,6,3,2016-03-21
5,CGY,NJD,6,3,2015-11-17
6,DAL,EDM,6,3,2015-12-04
7,CAR,DAL,6,3,2015-12-08
8,BOS,DET,6,3,2015-11-25
9,ARI,OTT,6,3,2015-10-24
10,CHI,VAN,6,3,2015-12-13
11,MIN,DAL,6,3,2016-02-09
12,EDM,MIN,6,3,2016-02-18
13,CHI,MIN,6,3,2016-03-20
14,NSH,TBL,6,3,2016-02-12
15,NJD,WSH,6,3,2016-03-25
16,NSH,STL,6,3,2016-02-02
17,DAL,CHI,6,3,2015-12-22
18,NJD,BOS,6,3,2015-12-20
19,EDM,MTL,6,3,2015-10-29
20,PIT,ARI,6,3,2016-02-29
21,NSH,WSH,6,3,2016-02-09
22,DAL,MIN,6,3,2016-02-09
23,PIT,STL,6,3,2016-01-18
24,WPG,MIN,6,3,2016-01-15
25,ARI,NYR,6,3,2015-10-22
26,NJD,DAL,6,3,2016-01-02
27,TOR,EDM,6,3,2015-11-30
28,EDM,ARI,6,3,2016-03-22
29,ARI,OTT,6,3,2015-11-28
30,NSH,NYI,6,3,2015-10-15
31,DET,MTL,6,3,2015-12-10
32,NYI,CGY,6,3,2015-10-26
33,BOS,WSH,6,3,2016-01-05
34,NYR,NYI,6,3,2016-03-06
35,NYR,NYI,6,3,2015-12-02
36,BUF,CHI,6,3,2015-12-19
37,WSH,EDM,6,3,2015-11-23
38,NSH,LAK,6,3,2015-10-31
39,COL,NJD,6,3,2016-01-14
40,MTL,CBJ,6,3,2016-01-26
41,EDM,TBL,6,3,2016-01-08
42,DAL,WSH,6,3,2016-02-13
43,NYR,CGY,6,3,2015-12-12
44,NYI,NYR,6,3,2016-03-06
45,CBJ,NYI,6,3,2015-12-12
46,ANA,SJS,6,3,2016-02-02
47,MIN,COL,6,3,2015-12-05
48,FLA,NJD,6,3,2015-12-17
49,EDM,WSH,6,3,2015-11-23
0,NSH,PHI,6,2,2016-02-04
1,SJS,CAR,6,3,2015-10-24
2,SJS,NYI,6,3,2015-11-10
3,MIN,DAL,6,3,2016-01-09
4,ARI,LAK,6,3,2016-01-23
5,ARI,STL,6,3,2015-12-08
6,NYI,FLA,6,3,2015-11-27
7,SJS,CHI,6,3,2016-02-09
8,COL,PHI,6,3,2016-03-24
9,STL,VAN,6,3,2016-03-19
10,SJS,NSH,6,3,2016-04-02
11,OTT,VAN,6,3,2015-11-12
12,TOR,OTT,6,3,2016-03-12
13,DET,OTT,6,3,2016-02-20
14,WPG,TOR,6,3,2015-12-02
15,MTL,NJD,6,3,2016-01-06
16,DET,NSH,6,3,2015-12-26
17,TBL,BUF,6,3,2015-10-17
18,CHI,BOS,6,3,2016-04-03
19,CAR,PIT,6,3,2016-01-12
20,FLA,BOS,6,3,2015-10-30
21,CHI,VAN,6,2,2016-03-27
22,NJD,CAR,6,3,2016-03-01
23,MIN,ARI,6,3,2016-01-25
24,CGY,LAK,6,3,2016-04-05
25,NYI,OTT,6,3,2015-12-05
26,PIT,OTT,6,3,2016-02-02
27,PHI,CAR,6,3,2016-02-23
28,MIN,COL,6,3,2016-03-01
29,OTT,LAK,6,3,2015-12-14
30,TOR,NYR,6,3,2015-10-30
31,PIT,LAK,6,3,2015-12-11
32,OTT,FLA,6,3,2016-03-10
33,BUF,SJS,6,3,2015-11-14
34,CBJ,NJD,6,3,2016-03-20
35,NSH,DET,6,3,2015-12-26
36,EDM,CGY,6,3,2015-12-27
37,DAL,LAK,6,3,2016-04-02
38,NYR,STL,6,2,2016-02-25
39,COL,CBJ,6,3,2016-01-16
40,MIN,PIT,6,3,2015-12-26
41,PHI,STL,6,3,2015-12-10
42,WSH,STL,6,3,2016-04-09
43,NYI,WSH,6,3,2016-01-07
44,NJD,CBJ,6,3,2015-11-25
45,CAR,FLA,6,3,2016-04-09
46,VAN,WSH,6,3,2016-01-14
47,STL,COL,6,3,2016-01-06
48,NJD,FLA,6,3,2015-12-17
49,WSH,TBL,6,3,2015-11-27
0,NSH,STL,6,3,2015-12-17
1,TBL,WPG,6,3,2015-10-23
2,COL,NYR,6,3,2015-11-06
3,LAK,TBL,6,3,2015-11-25
4,DAL,EDM,6,3,2016-01-21
5,CBJ,COL,6,3,2016-01-16
6,MIN,CHI,6,3,2015-12-01
7,TBL,DET,6,3,2015-10-13
8,DAL,BUF,6,3,2015-11-17
9,VAN,BUF,6,2,2015-12-07
10,TBL,STL,6,3,2015-10-27
11,NYR,WSH,6,3,2016-03-04
12,SJS,CHI,6,3,2015-11-25
13,SJS,NYR,6,3,2016-03-19
14,PIT,BUF,6,3,2016-02-21
15,OTT,LAK,6,3,2016-01-16
16,DAL,CAR,6,3,2015-12-08
17,COL,FLA,6,3,2015-10-27
18,PIT,CGY,6,3,2015-11-07
19,SJS,TOR,6,3,2015-12-17
20,NYR,EDM,6,3,2015-12-11
21,NYI,ARI,6,3,2015-11-16
22,WSH,COL,6,3,2016-04-01
23,BUF,CGY,6,3,2016-03-03
24,FLA,PIT,6,3,2015-10-20
25,CGY,OTT,6,3,2016-02-27
26,BOS,BUF,6,3,2015-12-26
27,BUF,NSH,6,3,2015-11-25
28,FLA,ARI,6,3,2016-02-25
29,SJS,OTT,6,3,2015-12-18
30,NYI,LAK,6,3,2015-11-12
31,TBL,EDM,6,3,2016-01-08
32,CHI,NJD,6,3,2015-11-12
33,CGY,CHI,6,3,2015-11-20
34,BUF,EDM,6,3,2015-12-06
35,CAR,DET,6,3,2015-10-27
36,COL,MIN,6,3,2016-03-01
37,WSH,CAR,6,3,2015-12-21
38,CHI,STL,6,3,2016-03-09
39,SJS,WSH,6,3,2016-03-12
40,MIN,NYR,6,3,2015-12-17
41,CAR,NYR,6,3,2016-03-31
42,LAK,NYI,6,3,2015-11-12
43,DET,WPG,6,3,2015-12-29
44,ANA,CHI,6,3,2016-02-13
45,BOS,OTT,6,3,2016-01-09
46,CAR,CHI,6,3,2015-12-27
47,NYR,ARI,6,3,2015-10-22
48,DAL,CGY,6,3,2015-12-01
49,EDM,TOR,6,3,2015-11-30
0,WSH,NYR,6,3,2016-03-04
1,CGY,NSH,6,3,2016-03-09
2,MIN,PHI,6,3,2016-01-07
3,DET,MIN,6,3,2015-12-28
4,PIT,FLA,6,3,2016-02-15
5,MTL,WSH,6,3,2015-12-03
6,CBJ,LAK,6,3,2015-12-08
7,CGY,COL,6,3,2015-11-03
8,NJD,NYI,6,3,2015-10-31
9,BUF,STL,5,1,2015-11-23
10,PIT,BOS,5,1,2016-02-24
11,CGY,STL,5,1,2015-12-19
12,MTL,SJS,5,1,2015-12-15
13,NYR,COL,5,1,2015-12-03
14,STL,BOS,5,1,2015-12-22
15,BUF,NJD,4,2,2015-10-24
16,BUF,FLA,4,2,2016-01-05
17,CBJ,FLA,4,2,2015-12-04
18,LAK,NYR,4,2,2016-03-17
19,CAR,BUF,4,2,2015-11-27
20,VAN,CAR,4,2,2016-01-06
21,CHI,MTL,4,2,2016-01-17
22,TOR,NYR,4,2,2015-11-15
23,OTT,SJS,4,2,2016-01-18
24,NJD,COL,4,2,2016-01-14
25,MIN,TBL,4,2,2015-11-07
26,LAK,CHI,4,2,2015-11-02
27,DET,OTT,4,2,2015-11-16
28,WSH,STL,4,2,2016-03-26
29,DET,SJS,4,2,2015-11-13
30,PIT,ANA,4,2,2016-02-08
31,PHI,MIN,4,2,2016-01-07
32,PIT,STL,4,2,2015-11-25
33,TBL,VAN,4,2,2016-01-09
34,MIN,CAR,4,2,2016-03-19
35,NYI,MTL,4,2,2015-11-20
36,CHI,CGY,4,2,2015-11-15
37,ARI,COL,4,2,2016-03-07
38,PHI,TBL,4,2,2016-03-07
39,NYR,NJD,4,2,2016-02-02
40,WPG,VAN,4,2,2016-03-22
41,NJD,SJS,4,2,2015-10-16
42,MTL,TOR,4,2,2016-01-23
43,WPG,COL,4,2,2016-01-18
44,WSH,TOR,4,2,2015-11-28
45,CHI,CAR,4,2,2016-01-26
46,BUF,MTL,4,2,2016-02-03
47,CAR,ARI,4,2,2015-12-12
48,COL,EDM,4,2,2015-12-19
49,MIN,EDM,4,2,2016-02-18
0,OTT,BOS,4,2,2016-01-09
1,VAN,CHI,4,2,2015-12-13
2,TOR,WPG,4,2,2015-11-04
3,MIN,LAK,4,2,2016-03-22
4,MIN,NSH,4,2,2015-11-05
5,CBJ,CGY,4,2,2016-02-05
6,STL,MIN,4,2,2015-12-31
7,LAK,BUF,4,2,2015-12-12
8,CGY,COL,4,2,2016-01-02
9,FLA,CAR,4,2,2015-12-18
10,PIT,TBL,4,2,2016-02-05
11,FLA,TOR,4,2,2016-03-17
12,NYR,OTT,4,2,2015-12-06
13,NYI,BOS,4,2,2016-03-12
14,SJS,STL,4,2,2016-03-22
15,PHI,CGY,4,2,2015-11-05
16,PIT,FLA,4,2,2015-10-20
17,CHI,WPG,4,2,2015-12-06
18,OTT,DAL,4,2,2016-03-06
19,NJD,MTL,4,2,2015-11-28
20,NSH,VAN,4,2,2016-03-24
21,NYI,SJS,4,2,2015-10-17
22,BUF,PHI,4,2,2015-10-27
23,CGY,TBL,4,2,2015-11-12
24,OTT,WPG,4,2,2015-11-05
25,PHI,OTT,4,2,2015-12-01
26,COL,WPG,4,2,2016-01-18
27,BUF,LAK,4,2,2016-02-27
28,NYR,SJS,4,2,2015-10-19
29,CBJ,TOR,4,2,2015-10-16
30,CHI,NYR,4,1,2016-02-17
31,CHI,OTT,4,2,2016-01-03
32,DAL,NYI,4,2,2016-03-19
33,TBL,COL,4,2,2016-01-12
34,MTL,NJD,4,2,2015-11-28
35,BUF,CBJ,4,2,2016-04-08
36,MTL,FLA,4,2,2016-04-02
37,NSH,FLA,4,2,2015-12-03
38,CGY,PHI,4,2,2015-11-05
39,VAN,MTL,4,2,2015-10-27
40,FLA,OTT,4,2,2015-12-22
41,PIT,PHI,4,2,2016-04-03
42,CBJ,NYI,4,2,2016-02-09
43,DAL,LAK,4,2,2016-01-19
44,MTL,ARI,4,2,2015-11-19
45,VAN,ANA,4,2,2016-01-01
46,WPG,MTL,4,2,2016-03-05
47,COL,PIT,4,2,2015-12-09
48,MTL,SJS,4,2,2016-02-29
49,DAL,MTL,4,2,2016-03-08
0,DAL,EDM,4,2,2015-10-13
1,NSH,CBJ,4,2,2016-03-26
2,CAR,WPG,4,2,2016-02-05
3,WPG,NJD,4,2,2016-01-23
4,LAK,NSH,4,2,2016-03-21
5,WSH,CAR,4,2,2016-03-15
6,MIN,TOR,4,2,2015-12-03
7,CHI,COL,4,2,2016-01-10
8,PHI,VAN,4,2,2015-11-02
9,OTT,FLA,4,2,2016-04-07
10,WPG,BUF,4,2,2016-03-26
11,OTT,ARI,4,2,2015-11-28
12,WSH,DET,4,2,2015-11-18
13,CHI,NSH,4,2,2015-12-08
14,CHI,COL,4,2,2016-02-02
15,ARI,BUF,4,2,2015-12-04
16,PIT,NYR,4,2,2016-03-27
17,BOS,CHI,4,2,2016-03-03
18,VAN,ARI,4,2,2015-10-30
19,PIT,WPG,4,2,2015-12-27
20,FLA,PIT,4,2,2016-02-15
21,TOR,NSH,4,2,2016-02-23
22,PHI,PIT,4,2,2016-04-03
23,BUF,DET,4,2,2015-12-14
24,SJS,PHI,4,2,2015-11-19
25,CAR,BOS,4,2,2016-03-10
26,COL,BOS,4,2,2015-10-14
27,PHI,NYI,4,2,2015-12-08
28,DET,STL,4,2,2015-11-21
29,VAN,ANA,4,2,2016-04-01
30,COL,CHI,4,2,2016-01-10
31,CHI,CGY,4,2,2015-11-20
32,OTT,PIT,4,2,2016-04-05
33,NYR,BUF,4,2,2016-03-08
34,PHI,BUF,4,2,2015-10-27
35,LAK,CGY,4,2,2016-03-31
36,CGY,PIT,4,2,2016-03-05
37,NSH,CHI,4,2,2016-02-25
38,FLA,TOR,4,2,2016-04-04
39,CAR,WSH,4,2,2015-12-21
40,PHI,TOR,4,2,2016-02-20
41,MIN,LAK,4,2,2016-01-21
42,PIT,NYR,4,2,2016-03-03
43,OTT,MIN,4,2,2016-03-31
44,STL,NYR,4,2,2016-02-25
45,COL,BUF,4,2,2016-01-20
46,NSH,ARI,4,2,2015-12-01
47,EDM,DET,4,2,2015-11-27
48,STL,COL,4,2,2015-12-13
49,ARI,NSH,4,2,2015-12-01
0,BUF,NYI,4,2,2015-12-31
1,TBL,NJD,4,2,2016-02-26
2,EDM,VAN,4,2,2015-12-26
3,OTT,WSH,4,2,2016-03-22
4,TOR,CBJ,4,2,2016-04-06
5,COL,CGY,4,2,2015-11-03
6,NSH,CHI,4,2,2016-01-19
7,NJD,NYI,4,2,2015-11-03
8,CHI,BUF,4,2,2015-12-19
9,CGY,NSH,4,2,2015-12-15
10,STL,COL,4,2,2016-03-29
11,NYR,PHI,4,2,2015-10-24
12,MTL,OTT,4,2,2015-12-12
13,CAR,NYR,4,2,2015-11-10
14,DET,ANA,4,2,2016-01-10
15,SJS,COL,4,2,2016-02-24
16,MIN,MTL,4,2,2016-03-12
17,LAK,CBJ,4,2,2015-12-08
18,CBJ,TOR,4,2,2016-04-06
19,VAN,WSH,4,2,2015-10-22
20,STL,PHI,4,2,2015-12-10
21,FLA,WSH,4,2,2015-10-31
22,MTL,CBJ,4,2,2016-01-25
23,CHI,BUF,4,2,2016-01-08
24,NJD,NSH,4,2,2015-10-13
25,LAK,DAL,4,2,2016-01-19
26,OTT,TBL,4,2,2016-03-03
27,STL,DET,4,2,2015-11-21
28,PHI,WSH,4,2,2016-02-07
29,CAR,OTT,4,2,2015-11-07
30,EDM,BOS,4,2,2015-12-02
31,NYR,OTT,4,2,2016-01-24
32,BUF,DET,4,2,2016-01-02
33,DET,TOR,4,2,2016-03-13
34,EDM,MIN,4,2,2015-10-27
35,MTL,MIN,4,2,2016-03-12
36,COL,STL,4,2,2016-01-22
37,BUF,CHI,4,2,2016-01-08
38,BUF,MIN,4,2,2016-03-05
39,CHI,NSH,4,2,2016-02-25
40,EDM,WPG,4,2,2016-03-06
41,WSH,SJS,4,2,2016-03-12
42,DET,NYI,4,2,2016-01-25
43,NYR,LAK,4,2,2016-02-12
44,TBL,CAR,4,2,2015-11-01
45,CGY,BOS,4,2,2015-12-04
46,WPG,EDM,4,2,2016-03-06
47,MIN,WPG,4,2,2016-01-15
48,FLA,CGY,4,2,2016-01-13
49,DET,NJD,4,2,2016-01-04
0,MTL,TOR,4,2,2016-02-27
1,NYI,BUF,4,2,2016-04-09
2,CBJ,MIN,4,2,2015-10-22
3,CBJ,STL,4,2,2015-11-17
4,EDM,CHI,4,2,2015-11-18
5,OTT,DET,4,2,2016-02-10
6,PHI,COL,4,2,2015-11-10
7,EDM,COL,4,2,2016-03-20
8,CHI,EDM,4,2,2015-11-08
9,PHI,COL,4,2,2016-03-24
10,NYI,COL,4,2,2015-12-17
11,NYI,TOR,4,2,2015-12-27
12,CHI,CBJ,4,2,2016-04-09
13,MTL,PIT,4,2,2015-10-13
14,CAR,DET,4,2,2015-10-16
15,WSH,NJD,4,2,2016-02-06
16,CHI,STL,4,2,2015-11-04
17,PIT,CHI,4,2,2016-01-05
18,MTL,COL,4,2,2015-11-14
19,WSH,CGY,4,2,2015-10-20
20,EDM,NYR,4,2,2015-12-11
21,DET,NYR,4,2,2016-04-09
22,NJD,PHI,4,2,2015-10-29
23,OTT,ARI,4,2,2015-10-24
24,EDM,CHI,4,2,2015-12-17
25,MIN,ANA,4,2,2015-10-18
26,MTL,LAK,4,2,2015-12-17
27,WPG,PIT,4,2,2015-12-27
28,CHI,CAR,4,2,2015-12-27
29,EDM,DAL,4,2,2016-01-21
30,MIN,CHI,4,1,2016-03-20
31,CGY,FLA,4,2,2016-01-13
32,MIN,NSH,4,2,2016-01-16
33,NJD,NSH,4,2,2016-03-03
34,NYR,CAR,4,2,2016-03-31
35,NSH,NJD,4,2,2015-10-13
36,CGY,PIT,4,2,2015-11-07
37,NSH,BUF,4,2,2015-11-25
38,BUF,CGY,4,2,2015-12-10
39,CHI,LAK,4,2,2016-03-14
40,EDM,PHI,4,2,2015-11-03
41,MTL,VAN,4,2,2015-10-27
42,NYR,PIT,4,2,2016-02-10
43,OTT,DAL,4,2,2015-11-24
44,DET,EDM,4,2,2015-11-27
45,LAK,PIT,4,2,2015-12-05
46,NYR,NSH,4,2,2015-12-28
47,TOR,CBJ,4,2,2016-01-13
48,NSH,LAK,4,2,2016-02-20
49,PHI,DET,4,2,2016-03-15
0,DAL,MIN,4,2,2016-01-09
1,FLA,VAN,4,2,2015-12-20
2,NYI,CAR,4,2,2015-10-29
3,OTT,DET,4,2,2015-11-16
4,CAR,MTL,4,2,2016-02-07
5,STL,NJD,4,2,2015-11-10
6,DAL,MIN,4,2,2015-11-28
7,MIN,CBJ,4,2,2015-10-22
8,CAR,PIT,4,2,2015-12-19
9,TOR,DAL,4,2,2015-11-02
10,TOR,STL,4,2,2016-01-02
11,PHI,TOR,4,2,2016-04-07
12,CAR,BOS,4,2,2016-02-26
13,COL,CHI,4,2,2015-12-15
14,CGY,NJD,4,2,2016-01-19
15,NSH,TBL,4,2,2015-10-20
16,LAK,DET,4,2,2016-01-11
17,NJD,PIT,4,2,2016-01-26
18,CAR,STL,4,2,2016-02-28
19,VAN,CHI,4,2,2016-03-27
20,TBL,NSH,4,2,2016-02-12
21,COL,STL,4,2,2016-01-06
22,WSH,DAL,4,2,2015-11-19
23,PIT,EDM,4,2,2015-11-06
24,MIN,SJS,4,2,2015-12-12
25,VAN,ARI,4,2,2016-01-04
26,VAN,COL,4,2,2016-03-16
27,ANA,NJD,4,2,2015-12-19
28,CAR,NYI,4,2,2016-03-26
29,CHI,MIN,4,2,2015-10-30
30,ARI,MIN,4,2,2016-01-25
31,CAR,NYI,4,2,2015-10-29
32,SJS,DAL,4,2,2016-01-16
33,PHI,TBL,4,2,2016-03-11
34,CAR,MIN,4,2,2016-03-19
35,NYI,ARI,4,2,2015-12-19
36,BOS,NSH,4,2,2016-02-18
37,COL,CGY,4,2,2016-03-18
38,DAL,SJS,4,2,2016-01-16
39,OTT,CAR,4,2,2016-02-18
40,CAR,EDM,4,2,2016-01-04
41,NYR,BUF,4,2,2016-04-02
42,CGY,CBJ,4,2,2016-01-21
43,CAR,PHI,4,2,2015-11-14
44,MIN,CBJ,4,2,2016-01-05
45,OTT,NJD,4,2,2016-01-21
46,TBL,BUF,4,2,2015-11-05
47,VAN,EDM,4,2,2015-10-18
48,CGY,MTL,4,2,2016-03-20
49,MIN,BUF,4,2,2016-01-12
0,OTT,NYR,4,2,2015-12-06
1,CAR,SJS,4,2,2016-02-19
2,PIT,MTL,4,2,2015-10-13
3,ARI,VAN,4,2,2016-01-04
4,CHI,BOS,4,2,2016-03-03
5,WSH,NYI,4,2,2016-02-04
6,PIT,ANA,4,2,2015-12-06
7,NYR,WSH,4,2,2015-11-03
8,PHI,LAK,4,2,2015-11-17
9,ARI,LAK,4,2,2015-11-10
10,DAL,PHI,4,2,2015-12-11
11,MIN,DAL,4,2,2015-11-28
12,CAR,NJD,4,2,2015-12-29
13,CHI,PHI,4,2,2016-03-16
14,CBJ,WSH,4,2,2015-10-30
15,WPG,CGY,4,2,2015-10-16
16,NYI,WSH,4,2,2016-02-04
17,NYR,PIT,4,2,2016-03-27
18,VAN,NSH,4,2,2016-03-24
19,MIN,EDM,4,2,2016-03-10
20,DAL,FLA,4,2,2015-10-17
21,CGY,DAL,4,2,2015-12-01
22,DET,MIN,4,2,2016-04-01
23,STL,WSH,4,2,2016-04-09
24,EDM,VAN,4,2,2015-10-18
25,MTL,CAR,4,2,2016-02-07
26,PIT,WPG,4,2,2016-02-27
27,ARI,SJS,4,2,2016-01-21
28,SJS,TBL,4,2,2016-02-16
29,FLA,STL,4,2,2016-02-12
30,CHI,WSH,4,2,2015-10-15
31,PIT,BUF,4,2,2015-10-29
32,SJS,BOS,2,1,2016-03-15
33,BOS,NYI,2,1,2016-03-12
34,CAR,WSH,2,1,2016-03-15
35,DET,BOS,2,1,2015-11-14
36,LAK,WPG,2,1,2015-10-27
37,COL,PHI,2,1,2015-11-10
38,PIT,NYI,2,1,2016-01-02
39,SJS,EDM,2,1,2016-01-14
40,SJS,OTT,2,1,2016-01-18
41,MTL,CAR,2,1,2016-04-07
42,PIT,NYR,2,1,2016-02-10
43,WPG,PIT,2,1,2016-02-27
44,NYR,BUF,2,1,2016-01-25
45,WSH,DET,2,1,2015-11-10
46,FLA,MTL,2,1,2016-04-02
47,NYI,DET,2,1,2016-01-25
48,NJD,DET,2,1,2016-01-04
49,EDM,BUF,2,1,2016-03-01
0,EDM,COL,2,1,2015-12-19
1,VAN,NYR,2,1,2016-01-19
2,NYI,NSH,2,1,2016-03-17
3,STL,FLA,2,1,2015-12-01
4,DAL,COL,2,1,2016-01-23
5,CHI,MTL,2,1,2016-01-14
6,MTL,NSH,2,1,2016-02-22
7,MIN,COL,2,1,2015-12-07
8,MIN,EDM,2,1,2015-10-27
9,CGY,EDM,2,1,2016-01-16
10,CGY,STL,2,1,2015-10-13
11,SJS,MIN,2,1,2015-12-12
12,PIT,VAN,2,1,2016-01-23
13,STL,CBJ,2,1,2015-11-28
14,LAK,CHI,2,1,2015-11-28
15,CBJ,CGY,2,1,2016-01-21
16,SJS,NYR,2,1,2015-10-19
17,MIN,TBL,2,1,2016-01-02
18,NYR,DAL,2,1,2016-02-27
19,EDM,CAR,2,1,2016-01-04
20,BUF,NJD,2,1,2015-12-15
21,SJS,NJD,2,1,2016-03-10
22,PIT,DET,2,1,2016-02-18
23,CAR,SJS,2,1,2015-10-24
24,TBL,MTL,2,1,2015-12-28
25,COL,STL,2,1,2015-12-13
26,CHI,PIT,2,1,2016-01-05
27,MIN,MTL,2,1,2015-12-22
28,NYI,CAR,2,1,2016-03-29
29,MIN,WSH,2,1,2016-02-26
30,STL,DAL,2,1,2015-12-26
31,VAN,ARI,2,1,2016-03-09
32,FLA,BUF,2,1,2015-11-12
33,MIN,OTT,2,1,2016-03-31
34,SJS,FLA,2,1,2016-02-18
35,CBJ,NYR,2,1,2016-04-04
36,PHI,WPG,2,1,2016-03-28
37,COL,VAN,2,1,2016-03-16
38,BUF,DAL,2,1,2015-11-17
39,VAN,FLA,2,1,2016-01-11
40,STL,TBL,2,1,2015-10-27
41,SJS,ARI,2,1,2016-01-21
42,CAR,DAL,2,1,2015-11-06
43,LAK,NJD,2,1,2016-03-12
44,TOR,LAK,2,1,2015-12-19
45,CAR,NJD,2,1,2015-12-26
46,NSH,DAL,2,1,2015-12-31
47,NJD,CAR,2,1,2015-12-26
48,TBL,CGY,2,1,2016-01-05
49,NYI,EDM,2,1,2016-02-28
0,NYI,CBJ,2,1,2016-02-09
1,WSH,NYR,2,1,2015-11-03
2,EDM,LAK,2,1,2016-02-25
3,MIN,ANA,2,1,2016-01-20
4,STL,CHI,2,1,2016-01-24
5,TOR,BOS,2,1,2015-11-21
6,NYI,NJD,2,1,2016-02-19
7,SJS,VAN,2,1,2016-02-28
8,DAL,NSH,2,1,2015-12-31
9,TOR,DAL,2,1,2015-11-10
10,CGY,CHI,2,1,2015-11-15
11,LAK,EDM,2,1,2016-02-25
12,CGY,EDM,2,1,2015-12-27
13,BUF,NYI,2,1,2016-04-09
14,NSH,NYR,2,1,2015-12-28
15,MIN,WPG,2,1,2015-10-25
16,BOS,TOR,2,1,2015-11-21
17,OTT,NYI,2,1,2015-12-05
18,MIN,NYI,2,1,2016-02-02
19,NSH,MTL,2,1,2016-02-22
20,BUF,PIT,2,1,2015-10-29
21,NJD,WPG,2,1,2016-01-23
22,NYR,CAR,2,1,2016-01-22
23,TOR,PHI,2,1,2016-02-20
24,MIN,STL,2,1,2016-03-06
25,NJD,LAK,2,1,2016-02-14
26,DAL,LAK,2,1,2016-03-15
27,DAL,TOR,2,1,2015-11-10
28,WPG,LAK,2,1,2015-10-27
29,MIN,NJD,2,1,2016-03-17
30,BUF,TOR,2,1,2015-10-21
31,CGY,WPG,2,1,2015-12-22
32,MIN,PHI,2,1,2016-02-25
33,ANA,MIN,2,1,2015-10-18
34,TBL,BOS,2,1,2016-03-08
35,NSH,MIN,2,1,2015-12-19
36,MTL,CHI,2,1,2016-01-14
37,CBJ,DET,2,1,2016-02-23
38,CAR,PIT,2,1,2016-02-12
39,COL,VAN,2,1,2016-02-09
40,MIN,VAN,2,1,2015-11-25
41,COL,SJS,2,1,2016-02-24
42,TOR,NYI,2,1,2015-12-27
43,DAL,MIN,2,1,2015-12-21
44,BUF,WPG,2,1,2016-03-26
45,DET,PIT,2,1,2016-02-18
46,EDM,CAR,2,1,2015-11-25
47,DET,BUF,2,1,2016-01-22
48,CHI,LAK,2,1,2015-11-28
49,CHI,STL,2,1,2016-01-24
0,CHI,SJS,2,1,2016-02-09
1,MIN,CHI,2,1,2015-10-30
2,MTL,OTT,2,1,2015-11-03
3,FLA,LAK,2,1,2015-11-07
4,NYR,BOS,2,1,2016-01-11
5,CGY,CBJ,2,1,2016-02-05
6,NSH,CBJ,2,1,2015-11-20
7,CAR,NYR,2,1,2016-01-22
8,MTL,MIN,2,1,2015-12-22
9,LAK,NYR,2,1,2016-02-12
10,WSH,DET,2,1,2015-12-08
11,WSH,CHI,2,1,2015-10-15
12,WSH,NJD,2,1,2016-02-20
13,MIN,ANA,2,1,2015-10-24
14,NYI,CAR,2,1,2016-03-26
15,CAR,WSH,2,1,2015-12-31
16,NJD,CAR,2,1,2015-12-29
17,OTT,CHI,2,1,2016-01-03
18,NYR,VAN,2,1,2016-01-19
19,NYI,OTT,2,1,2016-03-23
20,BUF,MIN,2,1,2016-01-12
21,NSH,NYI,0,0,2016-03-17
22,NYI,BUF,0,0,2015-11-01
23,CAR,VAN,0,0,2016-01-15
24,MIN,TOR,0,0,2016-03-03
25,CAR,MIN,0,0,2015-11-12
26,CGY,TBL,0,0,2016-01-05
27,WPG,LAK,0,0,2016-04-09
28,DAL,WSH,0,0,2015-11-19
29,LAK,TOR,0,0,2015-12-19
30,BUF,SJS,0,0,2016-02-26
31,VAN,BOS,0,0,2016-01-21
32,CAR,MTL,0,0,2016-04-07
33,BUF,NYI,0,0,2015-11-01
34,BOS,VAN,0,0,2016-01-21
35,TBL,LAK,0,0,2015-11-25
36,DAL,CAR,0,0,2015-11-06
37,NYR,ANA,0,0,2016-03-16
38,SJS,BUF,0,0,2016-02-26
39,NYI,CBJ,0,0,2015-12-12
40,NYR,TOR,0,0,2015-10-30
41,BOS,NYR,0,0,2016-01-11
42,NJD,ANA,0,0,2015-12-19
43,CAR,ANA,0,0,2015-11-16
44,CHI,EDM,0,0,2015-12-17
45,BUF,LAK,0,0,2015-12-12
