,home_team,away_team,date,home_team_win,prediction,match,cumulative_average
0,ANA,MIN,2015-10-18,1,1,1,1.0
1,LAK,COL,2015-10-18,1,0,0,0.5
2,NYR,NJD,2015-10-18,0,0,1,0.666666666667
3,VAN,EDM,2015-10-18,0,0,1,0.75
4,WPG,STL,2015-10-18,0,1,0,0.6
5,NYR,SJS,2015-10-19,1,1,1,0.666666666667
6,PIT,FLA,2015-10-20,1,0,0,0.571428571429
7,PHI,DAL,2015-10-20,0,0,1,0.625
8,NJD,ARI,2015-10-20,1,0,0,0.555555555556
9,NSH,TBL,2015-10-20,1,1,1,0.6
10,CGY,WSH,2015-10-20,0,0,1,0.636363636364
11,CBJ,NYI,2015-10-20,0,0,1,0.666666666667
12,MTL,STL,2015-10-20,1,0,0,0.615384615385
13,BOS,PHI,2015-10-21,0,0,1,0.642857142857
14,BUF,TOR,2015-10-21,1,1,1,0.666666666667
15,COL,CAR,2015-10-21,0,0,1,0.6875
16,EDM,DET,2015-10-21,1,1,1,0.705882352941
17,PIT,DAL,2015-10-22,0,0,1,0.722222222222
18,VAN,WSH,2015-10-22,0,1,0,0.684210526316
19,SJS,LAK,2015-10-22,0,0,1,0.7
20,OTT,NJD,2015-10-22,0,0,1,0.714285714286
21,MIN,CBJ,2015-10-22,1,1,1,0.727272727273
22,NSH,ANA,2015-10-22,1,1,1,0.739130434783
23,CHI,FLA,2015-10-22,1,0,0,0.708333333333
24,NYR,ARI,2015-10-22,1,0,0,0.68
25,BUF,MTL,2015-10-23,0,1,0,0.653846153846
26,CGY,DET,2015-10-23,1,1,1,0.666666666667
27,EDM,WSH,2015-10-23,0,0,1,0.678571428571
28,LAK,CAR,2015-10-23,1,1,1,0.689655172414
29,NYI,BOS,2015-10-23,0,0,1,0.7
30,WPG,TBL,2015-10-23,0,0,1,0.709677419355
31,OTT,ARI,2015-10-24,0,0,1,0.71875
32,VAN,DET,2015-10-24,0,0,1,0.727272727273
33,STL,NYI,2015-10-24,0,0,1,0.735294117647
34,SJS,CAR,2015-10-24,1,0,0,0.714285714286
35,PHI,NYR,2015-10-24,1,1,1,0.722222222222
36,NSH,PIT,2015-10-24,0,0,1,0.72972972973
37,MTL,TOR,2015-10-24,1,1,1,0.736842105263
38,MIN,ANA,2015-10-24,1,1,1,0.74358974359
39,DAL,FLA,2015-10-24,0,1,0,0.725
40,COL,CBJ,2015-10-24,0,0,1,0.731707317073
41,CHI,TBL,2015-10-24,1,1,1,0.738095238095
42,BUF,NJD,2015-10-24,0,0,1,0.744186046512
43,EDM,LAK,2015-10-25,0,0,1,0.75
44,NYR,CGY,2015-10-25,1,1,1,0.755555555556
45,WPG,MIN,2015-10-25,1,1,1,0.760869565217
46,CHI,ANA,2015-10-26,1,1,1,0.765957446809
47,NYI,CGY,2015-10-26,1,1,1,0.770833333333
48,TOR,ARI,2015-10-26,0,0,1,0.775510204082
49,WPG,LAK,2015-10-27,0,0,1,0.78
50,VAN,MTL,2015-10-27,1,1,1,0.78431372549
51,STL,TBL,2015-10-27,1,1,1,0.788461538462
52,NJD,CBJ,2015-10-27,0,0,1,0.792452830189
53,PHI,BUF,2015-10-27,0,0,1,0.796296296296
54,FLA,COL,2015-10-27,1,1,1,0.8
55,DET,CAR,2015-10-27,0,0,1,0.803571428571
56,DAL,ANA,2015-10-27,1,1,1,0.80701754386
57,BOS,ARI,2015-10-27,1,0,0,0.793103448276
58,MIN,EDM,2015-10-27,1,1,1,0.796610169492
59,OTT,CGY,2015-10-28,1,1,1,0.8
60,SJS,NSH,2015-10-28,0,0,1,0.803278688525
61,WSH,PIT,2015-10-28,0,0,1,0.806451612903
62,WPG,CHI,2015-10-29,1,1,1,0.809523809524
63,TBL,COL,2015-10-29,0,0,1,0.8125
64,STL,ANA,2015-10-29,1,1,1,0.815384615385
65,PIT,BUF,2015-10-29,1,1,1,0.818181818182
66,EDM,MTL,2015-10-29,1,1,1,0.820895522388
67,NYI,CAR,2015-10-29,0,1,0,0.808823529412
68,DAL,VAN,2015-10-29,1,1,1,0.811594202899
69,PHI,NJD,2015-10-29,0,1,0,0.8
70,MIN,CHI,2015-10-30,1,0,0,0.788732394366
71,WSH,CBJ,2015-10-30,1,1,1,0.791666666667
72,NYR,TOR,2015-10-30,1,1,1,0.794520547945
73,FLA,BOS,2015-10-30,0,0,1,0.797297297297
74,CGY,MTL,2015-10-30,0,1,0,0.786666666667
75,DET,OTT,2015-10-30,0,0,1,0.789473684211
76,CAR,COL,2015-10-30,1,1,1,0.792207792208
77,BUF,PHI,2015-10-30,1,1,1,0.794871794872
78,ARI,VAN,2015-10-30,0,0,1,0.79746835443
79,TOR,PIT,2015-10-31,0,1,0,0.7875
80,TBL,BOS,2015-10-31,0,1,0,0.777777777778
81,STL,MIN,2015-10-31,1,0,0,0.768292682927
82,OTT,DET,2015-10-31,0,0,1,0.771084337349
83,NJD,NYI,2015-10-31,1,1,1,0.77380952381
84,FLA,WSH,2015-10-31,0,0,1,0.776470588235
85,EDM,CGY,2015-10-31,0,0,1,0.779069767442
86,DAL,SJS,2015-10-31,1,1,1,0.781609195402
87,CBJ,WPG,2015-10-31,0,0,1,0.784090909091
88,LAK,NSH,2015-10-31,1,1,1,0.786516853933
89,NYI,BUF,2015-11-01,0,0,1,0.788888888889
90,ANA,NSH,2015-11-01,1,1,1,0.791208791209
91,COL,SJS,2015-11-01,0,0,1,0.79347826087
92,MTL,WPG,2015-11-01,1,1,1,0.795698924731
93,CAR,TBL,2015-11-01,0,0,1,0.797872340426
94,VAN,PHI,2015-11-02,1,1,1,0.8
95,CHI,LAK,2015-11-02,1,1,1,0.802083333333
96,TOR,DAL,2015-11-02,1,1,1,0.80412371134
97,STL,LAK,2015-11-03,0,0,1,0.80612244898
98,BOS,DAL,2015-11-03,0,0,1,0.808080808081
99,COL,CGY,2015-11-03,1,0,0,0.8
100,DET,TBL,2015-11-03,1,1,1,0.80198019802
101,EDM,PHI,2015-11-03,1,1,1,0.803921568627
102,MTL,OTT,2015-11-03,0,0,1,0.805825242718
103,NYI,NJD,2015-11-03,1,1,1,0.807692307692
104,NYR,WSH,2015-11-03,1,1,1,0.809523809524
105,SJS,CBJ,2015-11-03,0,0,1,0.811320754717
106,VAN,PIT,2015-11-04,0,0,1,0.81308411215
107,TOR,WPG,2015-11-04,0,0,1,0.814814814815
108,ANA,FLA,2015-11-04,1,1,1,0.816513761468
109,CHI,STL,2015-11-04,0,0,1,0.818181818182
110,WSH,BOS,2015-11-05,1,1,1,0.81981981982
111,OTT,WPG,2015-11-05,1,1,1,0.821428571429
112,SJS,FLA,2015-11-05,1,1,1,0.823008849558
113,MTL,NYI,2015-11-05,1,1,1,0.824561403509
114,ARI,COL,2015-11-05,1,1,1,0.826086956522
115,LAK,CBJ,2015-11-05,0,1,0,0.818965517241
116,CGY,PHI,2015-11-05,1,1,1,0.820512820513
117,BUF,TBL,2015-11-05,0,1,0,0.813559322034
118,MIN,NSH,2015-11-05,0,0,1,0.81512605042
119,ANA,CBJ,2015-11-06,1,1,1,0.816666666667
120,CAR,DAL,2015-11-06,0,1,0,0.809917355372
121,COL,NYR,2015-11-06,0,0,1,0.811475409836
122,EDM,PIT,2015-11-06,0,0,1,0.813008130081
123,NJD,CHI,2015-11-06,1,1,1,0.814516129032
124,TOR,DET,2015-11-06,0,0,1,0.816
125,WSH,TOR,2015-11-07,1,1,1,0.81746031746
126,WPG,PHI,2015-11-07,0,1,0,0.811023622047
127,SJS,ANA,2015-11-07,0,0,1,0.8125
128,NSH,STL,2015-11-07,0,0,1,0.813953488372
129,MTL,BOS,2015-11-07,1,1,1,0.815384615385
130,CGY,PIT,2015-11-07,1,1,1,0.81679389313
131,LAK,FLA,2015-11-07,1,1,1,0.818181818182
132,CAR,OTT,2015-11-07,1,1,1,0.81954887218
133,BUF,VAN,2015-11-07,1,1,1,0.820895522388
134,ARI,NYR,2015-11-07,0,0,1,0.822222222222
135,MIN,TBL,2015-11-07,1,1,1,0.823529411765
136,CHI,EDM,2015-11-08,1,1,1,0.824817518248
137,DET,DAL,2015-11-08,0,1,0,0.81884057971
138,NJD,VAN,2015-11-08,1,1,1,0.820143884892
139,NYI,BOS,2015-11-08,0,1,0,0.814285714286
140,ANA,ARI,2015-11-09,0,0,1,0.815602836879
141,NYR,CAR,2015-11-10,1,1,1,0.816901408451
142,PHI,COL,2015-11-10,0,1,0,0.811188811189
143,NSH,OTT,2015-11-10,1,1,1,0.8125
144,TBL,BUF,2015-11-10,0,0,1,0.813793103448
145,SJS,NYI,2015-11-10,0,1,0,0.808219178082
146,NJD,STL,2015-11-10,0,0,1,0.809523809524
147,FLA,CGY,2015-11-10,1,1,1,0.810810810811
148,LAK,ARI,2015-11-10,0,0,1,0.812080536913
149,MIN,WPG,2015-11-10,1,0,0,0.806666666667
150,DET,WSH,2015-11-10,1,1,1,0.807947019868
151,DAL,TOR,2015-11-10,0,1,0,0.802631578947
152,CBJ,VAN,2015-11-10,0,0,1,0.803921568627
153,ANA,EDM,2015-11-11,0,0,1,0.805194805195
154,PIT,MTL,2015-11-11,1,1,1,0.806451612903
155,TBL,CGY,2015-11-12,1,1,1,0.807692307692
156,OTT,VAN,2015-11-12,1,1,1,0.808917197452
157,NYR,STL,2015-11-12,1,1,1,0.810126582278
158,NSH,TOR,2015-11-12,0,1,0,0.805031446541
159,LAK,NYI,2015-11-12,1,1,1,0.80625
160,PHI,WSH,2015-11-12,0,0,1,0.807453416149
161,DAL,WPG,2015-11-12,1,1,1,0.808641975309
162,CHI,NJD,2015-11-12,0,0,1,0.80981595092
163,CAR,MIN,2015-11-12,0,1,0,0.80487804878
164,BOS,COL,2015-11-12,0,0,1,0.806060606061
165,ARI,EDM,2015-11-12,1,0,0,0.801204819277
166,FLA,BUF,2015-11-12,0,0,1,0.802395209581
167,ANA,NYI,2015-11-13,0,1,0,0.797619047619
168,DET,SJS,2015-11-13,0,0,1,0.798816568047
169,PIT,CBJ,2015-11-13,0,0,1,0.8
170,WSH,CGY,2015-11-13,0,0,1,0.801169590643
171,STL,CHI,2015-11-14,0,1,0,0.796511627907
172,OTT,NYR,2015-11-14,0,0,1,0.797687861272
173,NSH,WPG,2015-11-14,1,1,1,0.798850574713
174,NJD,PIT,2015-11-14,1,1,1,0.8
175,MTL,COL,2015-11-14,0,0,1,0.801136363636
176,BUF,SJS,2015-11-14,0,1,0,0.796610169492
177,DAL,MIN,2015-11-14,1,1,1,0.797752808989
178,CBJ,ARI,2015-11-14,1,1,1,0.798882681564
179,CAR,PHI,2015-11-14,0,0,1,0.8
180,BOS,DET,2015-11-14,1,1,1,0.801104972376
181,TBL,FLA,2015-11-14,0,1,0,0.796703296703
182,LAK,EDM,2015-11-14,1,0,0,0.792349726776
183,TOR,VAN,2015-11-14,1,1,1,0.79347826087
184,NYR,TOR,2015-11-15,1,1,1,0.794594594595
185,CHI,CGY,2015-11-15,1,1,1,0.795698924731
186,CAR,ANA,2015-11-16,0,0,1,0.79679144385
187,FLA,TBL,2015-11-16,1,1,1,0.797872340426
188,MTL,VAN,2015-11-16,1,1,1,0.798941798942
189,NYI,ARI,2015-11-16,1,1,1,0.8
190,OTT,DET,2015-11-16,0,0,1,0.801047120419
191,STL,WPG,2015-11-16,1,1,1,0.802083333333
192,CGY,NJD,2015-11-17,1,1,1,0.80310880829
193,BOS,SJS,2015-11-17,0,0,1,0.80412371134
194,BUF,DAL,2015-11-17,0,0,1,0.805128205128
195,CBJ,STL,2015-11-17,1,0,0,0.801020408163
196,NSH,ANA,2015-11-17,1,1,1,0.802030456853
197,PHI,LAK,2015-11-17,0,0,1,0.80303030303
198,PIT,MIN,2015-11-17,1,1,1,0.804020100503
199,TOR,COL,2015-11-17,1,1,1,0.805
200,WPG,VAN,2015-11-18,1,1,1,0.805970149254
201,EDM,CHI,2015-11-18,0,0,1,0.806930693069
202,DET,WSH,2015-11-18,0,0,1,0.807881773399
203,STL,BUF,2015-11-19,1,1,1,0.808823529412
204,TBL,NYR,2015-11-19,1,1,1,0.809756097561
205,WSH,DAL,2015-11-19,0,1,0,0.805825242718
206,PIT,COL,2015-11-19,1,1,1,0.806763285024
207,BOS,MIN,2015-11-19,1,1,1,0.807692307692
208,OTT,CBJ,2015-11-19,1,1,1,0.808612440191
209,MTL,ARI,2015-11-19,0,0,1,0.809523809524
210,FLA,ANA,2015-11-19,0,0,1,0.810426540284
211,PHI,SJS,2015-11-19,0,0,1,0.811320754717
212,NYI,MTL,2015-11-20,0,1,0,0.807511737089
213,CAR,TOR,2015-11-20,0,0,1,0.808411214953
214,CBJ,NSH,2015-11-20,1,1,1,0.809302325581
215,CGY,CHI,2015-11-20,1,1,1,0.810185185185
216,DET,LAK,2015-11-20,1,1,1,0.811059907834
217,EDM,NJD,2015-11-20,1,1,1,0.811926605505
218,VAN,CHI,2015-11-21,1,1,1,0.812785388128
219,TBL,ANA,2015-11-21,1,1,1,0.813636363636
220,WSH,COL,2015-11-21,1,1,1,0.814479638009
221,WPG,ARI,2015-11-21,1,1,1,0.815315315315
222,STL,DET,2015-11-21,0,1,0,0.811659192825
223,BOS,TOR,2015-11-21,1,0,0,0.808035714286
224,OTT,PHI,2015-11-21,1,1,1,0.808888888889
225,MIN,NSH,2015-11-21,1,1,1,0.809734513274
226,FLA,NYR,2015-11-21,0,0,1,0.810572687225
227,DAL,BUF,2015-11-21,1,1,1,0.811403508772
228,PIT,SJS,2015-11-21,0,0,1,0.812227074236
229,CAR,LAK,2015-11-22,1,1,1,0.813043478261
230,CBJ,SJS,2015-11-22,0,0,1,0.813852813853
231,MTL,NYI,2015-11-22,1,1,1,0.814655172414
232,VAN,NJD,2015-11-22,0,0,1,0.815450643777
233,WSH,EDM,2015-11-23,1,1,1,0.816239316239
234,WPG,COL,2015-11-23,0,0,1,0.817021276596
235,TOR,BOS,2015-11-23,0,0,1,0.817796610169
236,NYR,NSH,2015-11-23,1,1,1,0.818565400844
237,FLA,LAK,2015-11-23,0,0,1,0.819327731092
238,BUF,STL,2015-11-23,0,0,1,0.820083682008
239,PHI,CAR,2015-11-23,1,1,1,0.820833333333
240,ANA,CGY,2015-11-24,1,1,1,0.821576763485
241,DAL,OTT,2015-11-24,0,0,1,0.822314049587
242,NYR,MTL,2015-11-25,0,0,1,0.82304526749
243,WSH,WPG,2015-11-25,1,1,1,0.823770491803
244,TBL,LAK,2015-11-25,1,0,0,0.820408163265
245,SJS,CHI,2015-11-25,0,0,1,0.821138211382
246,PIT,STL,2015-11-25,1,1,1,0.821862348178
247,NYI,PHI,2015-11-25,1,1,1,0.822580645161
248,ARI,ANA,2015-11-25,1,1,1,0.823293172691
249,MIN,VAN,2015-11-25,0,0,1,0.824
250,DET,BOS,2015-11-25,0,1,0,0.820717131474
251,COL,OTT,2015-11-25,0,0,1,0.821428571429
252,CAR,EDM,2015-11-25,1,1,1,0.822134387352
253,BUF,NSH,2015-11-25,0,0,1,0.822834645669
254,NJD,CBJ,2015-11-25,0,0,1,0.823529411765
255,FLA,NYI,2015-11-27,1,1,1,0.82421875
256,PHI,NSH,2015-11-27,1,1,1,0.824902723735
257,WSH,TBL,2015-11-27,1,0,0,0.821705426357
258,NJD,MTL,2015-11-27,0,0,1,0.822393822394
259,MIN,WPG,2015-11-27,0,0,1,0.823076923077
260,DET,EDM,2015-11-27,1,1,1,0.823754789272
261,ARI,CGY,2015-11-27,1,1,1,0.824427480916
262,CBJ,PIT,2015-11-27,1,1,1,0.825095057034
263,BUF,CAR,2015-11-27,1,1,1,0.825757575758
264,BOS,NYR,2015-11-27,1,1,1,0.82641509434
265,ANA,CHI,2015-11-27,0,0,1,0.827067669173
266,DAL,VAN,2015-11-27,1,1,1,0.827715355805
267,TOR,WSH,2015-11-28,0,1,0,0.824626865672
268,TBL,NYI,2015-11-28,0,0,1,0.825278810409
269,STL,CBJ,2015-11-28,1,0,0,0.822222222222
270,PIT,EDM,2015-11-28,0,1,0,0.819188191882
271,NYR,PHI,2015-11-28,0,1,0,0.816176470588
272,SJS,CGY,2015-11-28,1,1,1,0.81684981685
273,MTL,NJD,2015-11-28,0,1,0,0.813868613139
274,MIN,DAL,2015-11-28,0,0,1,0.814545454545
275,LAK,CHI,2015-11-28,1,1,1,0.815217391304
276,COL,WPG,2015-11-28,1,1,1,0.815884476534
277,ARI,OTT,2015-11-28,1,1,1,0.81654676259
278,NSH,BUF,2015-11-28,0,1,0,0.813620071685
279,DET,FLA,2015-11-29,0,1,0,0.810714285714
280,ANA,VAN,2015-11-30,1,1,1,0.811387900356
281,NYI,COL,2015-11-30,1,1,1,0.812056737589
282,NYR,CAR,2015-11-30,1,1,1,0.812720848057
283,TOR,EDM,2015-11-30,1,1,1,0.81338028169
284,NSH,ARI,2015-12-01,1,1,1,0.814035087719
285,STL,FLA,2015-12-01,0,0,1,0.814685314685
286,SJS,PIT,2015-12-01,0,0,1,0.815331010453
287,OTT,PHI,2015-12-01,0,1,0,0.8125
288,NJD,COL,2015-12-01,0,0,1,0.813148788927
289,DET,BUF,2015-12-01,1,1,1,0.813793103448
290,LAK,VAN,2015-12-01,1,1,1,0.814432989691
291,MTL,CBJ,2015-12-01,1,1,1,0.815068493151
292,CHI,MIN,2015-12-01,0,0,1,0.815699658703
293,CGY,DAL,2015-12-01,1,1,1,0.816326530612
294,ANA,TBL,2015-12-02,0,0,1,0.816949152542
295,EDM,BOS,2015-12-02,1,1,1,0.817567567568
296,NYI,NYR,2015-12-02,1,1,1,0.818181818182
297,WPG,TOR,2015-12-02,1,1,1,0.818791946309
298,VAN,DAL,2015-12-03,0,0,1,0.819397993311
299,OTT,CHI,2015-12-03,1,1,1,0.82
300,NSH,FLA,2015-12-03,0,0,1,0.820598006645
301,NYR,COL,2015-12-03,0,0,1,0.82119205298
302,MIN,TOR,2015-12-03,1,1,1,0.821782178218
303,DET,ARI,2015-12-03,1,1,1,0.822368421053
304,CAR,NJD,2015-12-03,0,0,1,0.822950819672
305,MTL,WSH,2015-12-03,0,1,0,0.820261437908
306,ANA,SJS,2015-12-04,1,1,1,0.820846905537
307,BUF,ARI,2015-12-04,1,1,1,0.821428571429
308,CBJ,FLA,2015-12-04,0,0,1,0.822006472492
309,CGY,BOS,2015-12-04,1,0,0,0.81935483871
310,EDM,DAL,2015-12-04,1,1,1,0.819935691318
311,NJD,PHI,2015-12-04,0,0,1,0.820512820513
312,NYI,STL,2015-12-04,1,1,1,0.821086261981
313,SJS,TBL,2015-12-05,0,0,1,0.821656050955
314,VAN,BOS,2015-12-05,0,0,1,0.822222222222
315,STL,TOR,2015-12-05,0,1,0,0.819620253165
316,PHI,CBJ,2015-12-05,0,0,1,0.820189274448
317,WPG,WSH,2015-12-05,1,1,1,0.820754716981
318,MIN,COL,2015-12-05,1,1,1,0.82131661442
319,CAR,MTL,2015-12-05,1,1,1,0.821875
320,OTT,NYI,2015-12-05,1,1,1,0.822429906542
321,LAK,PIT,2015-12-05,1,1,1,0.82298136646
322,DET,NSH,2015-12-05,1,1,1,0.823529411765
323,ANA,PIT,2015-12-06,1,1,1,0.824074074074
324,CAR,ARI,2015-12-06,1,1,1,0.824615384615
325,CHI,WPG,2015-12-06,1,1,1,0.825153374233
326,EDM,BUF,2015-12-06,1,1,1,0.825688073394
327,NJD,FLA,2015-12-06,1,1,1,0.826219512195
328,NYR,OTT,2015-12-06,1,1,1,0.826747720365
329,LAK,TBL,2015-12-06,1,1,1,0.827272727273
330,BOS,NSH,2015-12-07,0,0,1,0.827794561934
331,COL,MIN,2015-12-07,1,1,1,0.828313253012
332,VAN,BUF,2015-12-07,1,1,1,0.828828828829
333,WSH,DET,2015-12-08,1,1,1,0.829341317365
334,PHI,NYI,2015-12-08,0,0,1,0.829850746269
335,TOR,NJD,2015-12-08,1,1,1,0.830357142857
336,STL,ARI,2015-12-08,1,1,1,0.830860534125
337,DAL,CAR,2015-12-08,1,1,1,0.831360946746
338,CHI,NSH,2015-12-08,1,1,1,0.83185840708
339,CGY,SJS,2015-12-08,1,1,1,0.832352941176
340,CBJ,LAK,2015-12-08,0,0,1,0.83284457478
341,FLA,OTT,2015-12-08,0,0,1,0.833333333333
342,COL,PIT,2015-12-09,0,0,1,0.833819241983
343,EDM,SJS,2015-12-09,1,1,1,0.834302325581
344,MTL,BOS,2015-12-09,0,0,1,0.834782608696
345,VAN,NYR,2015-12-09,1,1,1,0.835260115607
346,WPG,CBJ,2015-12-10,1,1,1,0.835734870317
347,TBL,OTT,2015-12-10,1,1,1,0.836206896552
348,STL,PHI,2015-12-10,0,0,1,0.836676217765
349,CGY,BUF,2015-12-10,1,1,1,0.837142857143
350,FLA,WSH,2015-12-10,1,1,1,0.837606837607
351,DET,MTL,2015-12-10,1,1,1,0.838068181818
352,NSH,CHI,2015-12-10,1,1,1,0.838526912181
353,EDM,NYR,2015-12-11,1,1,1,0.838983050847
354,PIT,LAK,2015-12-11,0,0,1,0.839436619718
355,DAL,PHI,2015-12-11,1,1,1,0.839887640449
356,NJD,DET,2015-12-11,1,1,1,0.840336134454
357,ARI,MIN,2015-12-11,1,1,1,0.840782122905
358,CHI,WPG,2015-12-11,1,0,0,0.838440111421
359,ANA,CAR,2015-12-11,0,0,1,0.838888888889
360,TBL,WSH,2015-12-12,0,0,1,0.839335180055
361,STL,DAL,2015-12-12,1,1,1,0.839779005525
362,SJS,MIN,2015-12-12,0,0,1,0.840220385675
363,NSH,COL,2015-12-12,0,0,1,0.840659340659
364,MTL,OTT,2015-12-12,1,1,1,0.841095890411
365,CBJ,NYI,2015-12-12,0,0,1,0.841530054645
366,BUF,LAK,2015-12-12,1,1,1,0.841961852861
367,BOS,FLA,2015-12-12,1,1,1,0.842391304348
368,ARI,CAR,2015-12-12,0,0,1,0.842818428184
369,CGY,NYR,2015-12-12,1,0,0,0.840540540541
370,CHI,VAN,2015-12-13,1,0,0,0.838274932615
371,NYI,NJD,2015-12-13,1,1,1,0.838709677419
372,STL,COL,2015-12-13,0,0,1,0.839142091153
373,PIT,WSH,2015-12-14,0,0,1,0.839572192513
374,DET,BUF,2015-12-14,0,1,0,0.837333333333
375,OTT,LAK,2015-12-14,1,1,1,0.837765957447
376,BOS,EDM,2015-12-14,0,0,1,0.838196286472
377,CBJ,TBL,2015-12-14,0,0,1,0.838624338624
378,NYR,EDM,2015-12-15,1,1,1,0.839050131926
379,BUF,NJD,2015-12-15,0,1,0,0.836842105263
380,CHI,COL,2015-12-15,0,0,1,0.837270341207
381,DAL,CBJ,2015-12-15,1,1,1,0.837696335079
382,MIN,VAN,2015-12-15,1,1,1,0.838120104439
383,MTL,SJS,2015-12-15,0,1,0,0.8359375
384,NSH,CGY,2015-12-15,0,0,1,0.836363636364
385,NYI,FLA,2015-12-15,0,0,1,0.836787564767
386,PHI,CAR,2015-12-15,1,1,1,0.837209302326
387,TOR,TBL,2015-12-15,0,0,1,0.837628865979
388,WPG,STL,2015-12-15,0,0,1,0.838046272494
389,BOS,PIT,2015-12-16,1,1,1,0.838461538462
390,WSH,OTT,2015-12-16,1,1,1,0.838874680307
391,PHI,VAN,2015-12-17,1,1,1,0.839285714286
392,NJD,FLA,2015-12-17,0,1,0,0.837150127226
393,TOR,SJS,2015-12-17,0,1,0,0.835025380711
394,STL,NSH,2015-12-17,1,1,1,0.835443037975
395,MTL,LAK,2015-12-17,0,1,0,0.833333333333
396,ARI,CBJ,2015-12-17,0,0,1,0.833753148615
397,DAL,CGY,2015-12-17,0,0,1,0.834170854271
398,COL,NYI,2015-12-17,1,1,1,0.834586466165
399,CHI,EDM,2015-12-17,1,1,1,0.835
400,BUF,ANA,2015-12-17,1,0,0,0.832917705736
401,MIN,NYR,2015-12-17,1,1,1,0.833333333333
402,CAR,FLA,2015-12-18,0,0,1,0.833746898263
403,DET,VAN,2015-12-18,0,0,1,0.834158415842
404,OTT,SJS,2015-12-18,1,1,1,0.834567901235
405,PIT,BOS,2015-12-18,0,0,1,0.834975369458
406,WPG,NYR,2015-12-18,1,1,1,0.835380835381
407,WSH,TBL,2015-12-18,1,1,1,0.835784313725
408,TOR,LAK,2015-12-19,1,1,1,0.836185819071
409,STL,CGY,2015-12-19,1,1,1,0.836585365854
410,PIT,CAR,2015-12-19,0,0,1,0.83698296837
411,NSH,MIN,2015-12-19,1,1,1,0.837378640777
412,NJD,ANA,2015-12-19,0,0,1,0.837772397094
413,COL,EDM,2015-12-19,1,1,1,0.838164251208
414,CBJ,PHI,2015-12-19,1,1,1,0.838554216867
415,BUF,CHI,2015-12-19,0,0,1,0.838942307692
416,ARI,NYI,2015-12-19,1,1,1,0.83932853717
417,DAL,MTL,2015-12-19,1,1,1,0.83971291866
418,BOS,NJD,2015-12-20,1,1,1,0.840095465394
419,CHI,SJS,2015-12-20,1,1,1,0.840476190476
420,DET,CGY,2015-12-20,1,0,0,0.838479809976
421,FLA,VAN,2015-12-20,1,1,1,0.838862559242
422,NYR,WSH,2015-12-20,0,0,1,0.839243498818
423,TBL,OTT,2015-12-20,1,1,1,0.839622641509
424,NYI,ANA,2015-12-21,1,1,1,0.84
425,PHI,STL,2015-12-21,1,1,1,0.840375586854
426,NSH,MTL,2015-12-21,1,1,1,0.84074941452
427,PIT,CBJ,2015-12-21,1,1,1,0.841121495327
428,EDM,WPG,2015-12-21,1,1,1,0.841491841492
429,COL,TOR,2015-12-21,0,0,1,0.841860465116
430,CAR,WSH,2015-12-21,0,0,1,0.84222737819
431,MIN,DAL,2015-12-21,0,0,1,0.842592592593
432,TBL,VAN,2015-12-22,0,0,1,0.842956120092
433,NYR,ANA,2015-12-22,1,1,1,0.84331797235
434,MIN,MTL,2015-12-22,1,1,1,0.84367816092
435,LAK,SJS,2015-12-22,0,0,1,0.844036697248
436,FLA,OTT,2015-12-22,1,1,1,0.844393592677
437,DET,NJD,2015-12-22,0,0,1,0.844748858447
438,DAL,CHI,2015-12-22,1,1,1,0.845102505695
439,CGY,WPG,2015-12-22,1,1,1,0.845454545455
440,BOS,STL,2015-12-22,0,1,0,0.843537414966
441,ARI,TOR,2015-12-22,1,1,1,0.843891402715
442,WSH,MTL,2015-12-26,1,1,1,0.844243792325
443,VAN,EDM,2015-12-26,1,1,1,0.844594594595
444,TBL,CBJ,2015-12-26,1,1,1,0.844943820225
445,STL,DAL,2015-12-26,1,1,1,0.845291479821
446,MIN,PIT,2015-12-26,0,0,1,0.845637583893
447,CAR,NJD,2015-12-26,1,1,1,0.845982142857
448,BOS,BUF,2015-12-26,0,0,1,0.846325167038
449,ARI,LAK,2015-12-26,0,0,1,0.846666666667
450,NSH,DET,2015-12-26,0,0,1,0.847006651885
451,ANA,PHI,2015-12-27,1,1,1,0.847345132743
452,CGY,EDM,2015-12-27,1,1,1,0.847682119205
453,CHI,CAR,2015-12-27,0,1,0,0.845814977974
454,COL,ARI,2015-12-27,0,0,1,0.846153846154
455,DAL,STL,2015-12-27,1,1,1,0.84649122807
456,FLA,CBJ,2015-12-27,1,1,1,0.846827133479
457,NYI,TOR,2015-12-27,0,1,0,0.844978165939
458,OTT,BOS,2015-12-27,1,1,1,0.845315904139
459,WPG,PIT,2015-12-27,1,1,1,0.845652173913
460,TBL,MTL,2015-12-28,0,0,1,0.845986984816
461,VAN,LAK,2015-12-28,0,0,1,0.84632034632
462,SJS,COL,2015-12-28,0,0,1,0.846652267819
463,NSH,NYR,2015-12-28,1,0,0,0.844827586207
464,MIN,DET,2015-12-28,1,0,0,0.843010752688
465,BUF,WSH,2015-12-28,0,1,0,0.841201716738
466,ARI,CHI,2015-12-29,0,1,0,0.839400428266
467,BOS,OTT,2015-12-29,1,1,1,0.839743589744
468,CBJ,DAL,2015-12-29,1,1,1,0.840085287846
469,CGY,ANA,2015-12-29,0,0,1,0.840425531915
470,EDM,LAK,2015-12-29,0,0,1,0.84076433121
471,FLA,MTL,2015-12-29,1,1,1,0.841101694915
472,NJD,CAR,2015-12-29,1,1,1,0.841437632135
473,STL,NSH,2015-12-29,1,1,1,0.841772151899
474,TOR,NYI,2015-12-29,0,1,0,0.84
475,WPG,DET,2015-12-29,1,1,1,0.840336134454
476,TBL,NYR,2015-12-30,0,1,0,0.83857442348
477,SJS,PHI,2015-12-30,1,1,1,0.838912133891
478,WSH,BUF,2015-12-30,1,1,1,0.839248434238
479,OTT,NJD,2015-12-30,0,0,1,0.839583333333
480,PIT,TOR,2015-12-30,0,1,0,0.837837837838
481,STL,MIN,2015-12-31,0,0,1,0.838174273859
482,EDM,ANA,2015-12-31,0,0,1,0.83850931677
483,DAL,NSH,2015-12-31,1,1,1,0.838842975207
484,COL,CHI,2015-12-31,0,0,1,0.839175257732
485,DET,PIT,2015-12-31,0,0,1,0.83950617284
486,CAR,WSH,2015-12-31,1,1,1,0.839835728953
487,BUF,NYI,2015-12-31,0,1,0,0.838114754098
488,ARI,WPG,2015-12-31,1,1,1,0.838445807771
489,CGY,LAK,2015-12-31,0,0,1,0.838775510204
490,BOS,MTL,2016-01-01,0,0,1,0.839103869654
491,VAN,ANA,2016-01-01,1,1,1,0.839430894309
492,NJD,DAL,2016-01-02,1,1,1,0.839756592292
493,TBL,MIN,2016-01-02,1,1,1,0.84008097166
494,SJS,WPG,2016-01-02,0,0,1,0.840404040404
495,TOR,STL,2016-01-02,1,1,1,0.840725806452
496,LAK,PHI,2016-01-02,1,0,0,0.839034205231
497,PIT,NYI,2016-01-02,1,1,1,0.839357429719
498,EDM,ARI,2016-01-02,1,1,1,0.839679358717
499,BUF,DET,2016-01-02,0,0,1,0.84
500,CAR,NSH,2016-01-02,0,0,1,0.840319361277
501,FLA,NYR,2016-01-02,1,1,1,0.840637450199
502,COL,CGY,2016-01-02,0,1,0,0.838966202783
503,CBJ,WSH,2016-01-02,1,1,1,0.839285714286
504,ANA,WPG,2016-01-03,1,0,0,0.837623762376
505,CHI,OTT,2016-01-03,1,1,1,0.837944664032
506,FLA,MIN,2016-01-03,1,1,1,0.838264299803
507,NYI,DAL,2016-01-03,1,1,1,0.838582677165
508,COL,LAK,2016-01-04,1,1,1,0.838899803536
509,EDM,CAR,2016-01-04,1,1,1,0.839215686275
510,NJD,DET,2016-01-04,0,1,0,0.837573385519
511,STL,OTT,2016-01-04,0,0,1,0.837890625
512,VAN,ARI,2016-01-04,0,0,1,0.83820662768
513,PIT,CHI,2016-01-05,0,0,1,0.838521400778
514,PHI,MTL,2016-01-05,1,1,1,0.838834951456
515,NSH,WPG,2016-01-05,0,1,0,0.837209302326
516,NYR,DAL,2016-01-05,1,1,1,0.83752417795
517,CBJ,MIN,2016-01-05,0,0,1,0.837837837838
518,BOS,WSH,2016-01-05,0,0,1,0.838150289017
519,CGY,TBL,2016-01-05,1,1,1,0.838461538462
520,BUF,FLA,2016-01-05,0,0,1,0.83877159309
521,ANA,TOR,2016-01-06,0,1,0,0.837164750958
522,CHI,PIT,2016-01-06,1,1,1,0.837476099426
523,COL,STL,2016-01-06,1,0,0,0.835877862595
524,MTL,NJD,2016-01-06,1,0,0,0.834285714286
525,VAN,CAR,2016-01-06,1,1,1,0.834600760456
526,DAL,WPG,2016-01-07,1,1,1,0.834914611006
527,LAK,TOR,2016-01-07,1,0,0,0.833333333333
528,MIN,PHI,2016-01-07,0,0,1,0.833648393195
529,NYI,WSH,2016-01-07,0,0,1,0.833962264151
530,OTT,FLA,2016-01-07,0,0,1,0.834274952919
531,SJS,DET,2016-01-07,0,0,1,0.834586466165
532,CGY,ARI,2016-01-07,0,0,1,0.834896810507
533,NJD,BOS,2016-01-08,0,0,1,0.835205992509
534,COL,NSH,2016-01-08,1,1,1,0.835514018692
535,EDM,TBL,2016-01-08,0,1,0,0.833955223881
536,CHI,BUF,2016-01-08,1,1,1,0.83426443203
537,ANA,STL,2016-01-08,1,1,1,0.834572490706
538,CAR,CBJ,2016-01-08,1,1,1,0.834879406308
539,VAN,TBL,2016-01-09,0,0,1,0.835185185185
540,SJS,TOR,2016-01-09,1,0,0,0.833641404806
541,OTT,BOS,2016-01-09,1,1,1,0.833948339483
542,NYR,WSH,2016-01-09,0,0,1,0.834254143646
543,PHI,NYI,2016-01-09,1,1,1,0.834558823529
544,LAK,STL,2016-01-09,0,1,0,0.833027522936
545,DAL,MIN,2016-01-09,0,0,1,0.833333333333
546,CBJ,CAR,2016-01-09,0,0,1,0.833638025594
547,ARI,NSH,2016-01-09,1,1,1,0.833941605839
548,MTL,PIT,2016-01-09,0,1,0,0.832422586521
549,ANA,DET,2016-01-10,0,0,1,0.832727272727
550,CHI,COL,2016-01-10,1,1,1,0.833030852995
551,EDM,FLA,2016-01-10,0,1,0,0.83152173913
552,MIN,NJD,2016-01-10,0,1,0,0.830018083183
553,WPG,BUF,2016-01-10,0,0,1,0.830324909747
554,WSH,OTT,2016-01-10,1,1,1,0.830630630631
555,VAN,FLA,2016-01-11,1,1,1,0.830935251799
556,NYR,BOS,2016-01-11,1,1,1,0.831238779174
557,CGY,SJS,2016-01-11,0,0,1,0.831541218638
558,LAK,DET,2016-01-11,1,1,1,0.831842576029
559,ARI,EDM,2016-01-12,1,1,1,0.832142857143
560,CAR,PIT,2016-01-12,1,1,1,0.832442067736
561,CHI,NSH,2016-01-12,1,1,1,0.832740213523
562,COL,TBL,2016-01-12,0,0,1,0.833037300178
563,MIN,BUF,2016-01-12,0,0,1,0.833333333333
564,NYI,CBJ,2016-01-12,1,1,1,0.833628318584
565,STL,NJD,2016-01-12,1,1,1,0.833922261484
566,WPG,SJS,2016-01-12,0,0,1,0.834215167549
567,ANA,OTT,2016-01-13,1,1,1,0.834507042254
568,CGY,FLA,2016-01-13,1,1,1,0.834797891037
569,PHI,BOS,2016-01-13,1,1,1,0.835087719298
570,TOR,CBJ,2016-01-13,0,0,1,0.835376532399
571,WPG,NSH,2016-01-14,1,1,1,0.835664335664
572,WSH,VAN,2016-01-14,1,1,1,0.83595113438
573,SJS,EDM,2016-01-14,1,1,1,0.836236933798
574,STL,CAR,2016-01-14,0,1,0,0.834782608696
575,MTL,CHI,2016-01-14,0,0,1,0.835069444444
576,NYI,NYR,2016-01-14,1,1,1,0.835355285962
577,COL,NJD,2016-01-14,1,1,1,0.835640138408
578,ARI,DET,2016-01-14,0,0,1,0.835924006908
579,ANA,DAL,2016-01-15,1,1,1,0.836206896552
580,BUF,BOS,2016-01-15,0,0,1,0.836488812392
581,CAR,VAN,2016-01-15,0,1,0,0.835051546392
582,MIN,WPG,2016-01-15,0,0,1,0.835334476844
583,TBL,PIT,2016-01-15,1,1,1,0.835616438356
584,TOR,CHI,2016-01-15,0,0,1,0.835897435897
585,STL,MTL,2016-01-16,1,1,1,0.836177474403
586,SJS,DAL,2016-01-16,1,1,1,0.836456558773
587,NSH,MIN,2016-01-16,1,1,1,0.836734693878
588,LAK,OTT,2016-01-16,0,1,0,0.835314091681
589,PHI,NYR,2016-01-16,0,0,1,0.835593220339
590,CBJ,COL,2016-01-16,1,1,1,0.835871404399
591,BUF,WSH,2016-01-16,1,1,1,0.836148648649
592,BOS,TOR,2016-01-16,1,0,0,0.834738617201
593,ARI,NJD,2016-01-16,0,0,1,0.835016835017
594,EDM,CGY,2016-01-16,1,1,1,0.835294117647
595,WSH,NYR,2016-01-17,1,1,1,0.835570469799
596,TBL,FLA,2016-01-17,1,1,1,0.835845896147
597,NYI,VAN,2016-01-17,0,0,1,0.836120401338
598,PIT,CAR,2016-01-17,1,1,1,0.836393989983
599,CHI,MTL,2016-01-17,1,1,1,0.836666666667
600,ANA,LAK,2016-01-17,0,0,1,0.83693843594
601,DET,PHI,2016-01-17,0,0,1,0.837209302326
602,ARI,BUF,2016-01-18,0,0,1,0.837479270315
603,FLA,EDM,2016-01-18,0,0,1,0.837748344371
604,SJS,OTT,2016-01-18,0,0,1,0.838016528926
605,STL,PIT,2016-01-18,1,1,1,0.838283828383
606,WPG,COL,2016-01-18,0,0,1,0.838550247117
607,PHI,TOR,2016-01-19,0,0,1,0.838815789474
608,TBL,EDM,2016-01-19,1,1,1,0.83908045977
609,NSH,CHI,2016-01-19,0,0,1,0.839344262295
610,NYR,VAN,2016-01-19,1,1,1,0.839607201309
611,MTL,BOS,2016-01-19,0,0,1,0.839869281046
612,CBJ,WSH,2016-01-19,0,0,1,0.84013050571
613,NJD,CGY,2016-01-19,1,1,1,0.840390879479
614,LAK,DAL,2016-01-19,1,1,1,0.840650406504
615,ANA,MIN,2016-01-20,1,1,1,0.840909090909
616,COL,BUF,2016-01-20,1,1,1,0.841166936791
617,DET,STL,2016-01-20,0,0,1,0.84142394822
618,ARI,SJS,2016-01-21,0,1,0,0.840064620355
619,BOS,VAN,2016-01-21,0,0,1,0.840322580645
620,DAL,EDM,2016-01-21,1,1,1,0.840579710145
621,LAK,MIN,2016-01-21,0,1,0,0.83922829582
622,NJD,OTT,2016-01-21,1,1,1,0.83948635634
623,PIT,PHI,2016-01-21,1,1,1,0.839743589744
624,TBL,CHI,2016-01-21,1,1,1,0.84
625,TOR,CAR,2016-01-21,0,0,1,0.840255591054
626,WPG,NSH,2016-01-21,0,1,0,0.838915470494
627,CBJ,CGY,2016-01-21,0,0,1,0.839171974522
628,OTT,NYI,2016-01-22,0,0,1,0.839427662957
629,FLA,CHI,2016-01-22,1,1,1,0.839682539683
630,COL,STL,2016-01-22,1,1,1,0.839936608558
631,BUF,DET,2016-01-22,0,0,1,0.840189873418
632,CAR,NYR,2016-01-22,0,0,1,0.840442338073
633,WPG,NJD,2016-01-23,0,0,1,0.840694006309
634,TOR,MTL,2016-01-23,0,0,1,0.84094488189
635,PIT,VAN,2016-01-23,1,1,1,0.841194968553
636,FLA,TBL,2016-01-23,1,1,1,0.841444270016
637,SJS,MIN,2016-01-23,1,1,1,0.841692789969
638,DET,ANA,2016-01-23,0,0,1,0.841940532081
639,DAL,COL,2016-01-23,0,0,1,0.8421875
640,BOS,CBJ,2016-01-23,1,1,1,0.842433697348
641,ARI,LAK,2016-01-23,1,1,1,0.842679127726
642,EDM,NSH,2016-01-23,0,0,1,0.842923794712
643,CAR,CGY,2016-01-24,1,1,1,0.843167701863
644,CHI,STL,2016-01-24,1,1,1,0.843410852713
645,OTT,NYR,2016-01-24,1,1,1,0.843653250774
646,SJS,LAK,2016-01-24,0,0,1,0.843894899536
647,NYR,BUF,2016-01-25,1,1,1,0.844135802469
648,PHI,BOS,2016-01-25,0,1,0,0.842835130971
649,NYI,DET,2016-01-25,0,0,1,0.843076923077
650,DAL,CGY,2016-01-25,1,1,1,0.84331797235
651,MIN,ARI,2016-01-25,0,1,0,0.842024539877
652,CBJ,MTL,2016-01-25,1,1,1,0.842266462481
653,VAN,NSH,2016-01-26,0,0,1,0.84250764526
654,SJS,COL,2016-01-26,1,1,1,0.842748091603
655,PIT,NJD,2016-01-26,1,1,1,0.842987804878
656,OTT,BUF,2016-01-26,0,1,0,0.841704718417
657,WPG,ARI,2016-01-26,1,1,1,0.841945288754
658,FLA,TOR,2016-01-26,1,1,1,0.842185128983
659,CAR,CHI,2016-01-26,1,1,1,0.842424242424
660,BOS,ANA,2016-01-26,0,0,1,0.842662632375
661,MTL,CBJ,2016-01-26,0,1,0,0.841389728097
662,CGY,NSH,2016-01-27,0,0,1,0.841628959276
663,LAK,COL,2016-01-27,0,1,0,0.840361445783
664,TBL,TOR,2016-01-27,1,1,1,0.840601503759
665,WSH,PHI,2016-01-27,0,0,1,0.840840840841
666,NYI,MIN,2016-02-02,1,1,1,0.84107946027
667,WSH,FLA,2016-02-02,0,0,1,0.841317365269
668,WPG,DAL,2016-02-02,0,0,1,0.841554559043
669,PIT,OTT,2016-02-02,1,1,1,0.841791044776
670,PHI,MTL,2016-02-02,1,1,1,0.842026825633
671,NSH,STL,2016-02-02,0,0,1,0.842261904762
672,BOS,TOR,2016-02-02,0,1,0,0.841010401189
673,EDM,CBJ,2016-02-02,1,1,1,0.841246290801
674,COL,CHI,2016-02-02,0,1,0,0.84
675,ARI,LAK,2016-02-02,0,0,1,0.840236686391
676,ANA,SJS,2016-02-02,1,1,1,0.84047267356
677,NJD,NYR,2016-02-02,1,1,1,0.840707964602
678,CGY,CAR,2016-02-03,1,1,1,0.840942562592
679,MTL,BUF,2016-02-03,0,1,0,0.839705882353
680,TBL,DET,2016-02-03,1,1,1,0.839941262849
681,OTT,EDM,2016-02-04,0,1,0,0.838709677419
682,WSH,NYI,2016-02-04,1,1,1,0.838945827233
683,VAN,CBJ,2016-02-04,0,0,1,0.83918128655
684,TOR,NJD,2016-02-04,1,1,1,0.839416058394
685,STL,SJS,2016-02-04,0,0,1,0.839650145773
686,NSH,PHI,2016-02-04,0,0,1,0.839883551674
687,FLA,DET,2016-02-04,1,1,1,0.84011627907
688,LAK,ANA,2016-02-04,0,1,0,0.838896952104
689,COL,DAL,2016-02-04,0,0,1,0.839130434783
690,BUF,BOS,2016-02-04,0,0,1,0.839363241679
691,ARI,CHI,2016-02-04,0,0,1,0.839595375723
692,NYR,MIN,2016-02-04,1,1,1,0.839826839827
693,ANA,ARI,2016-02-05,1,1,1,0.840057636888
694,CGY,CBJ,2016-02-05,0,0,1,0.840287769784
695,TBL,PIT,2016-02-05,1,1,1,0.840517241379
696,WPG,CAR,2016-02-05,0,0,1,0.840746054519
697,VAN,CGY,2016-02-06,0,1,0,0.839541547278
698,STL,MIN,2016-02-06,1,1,1,0.839771101574
699,PHI,NYR,2016-02-06,0,0,1,0.84
700,OTT,TOR,2016-02-06,1,1,1,0.840228245364
701,NSH,SJS,2016-02-06,1,1,1,0.840455840456
702,NJD,WSH,2016-02-06,0,1,0,0.839260312945
703,MTL,EDM,2016-02-06,1,1,1,0.839488636364
704,DET,NYI,2016-02-06,1,1,1,0.839716312057
705,DAL,CHI,2016-02-06,0,0,1,0.839943342776
706,COL,WPG,2016-02-06,0,0,1,0.840169731259
707,BOS,BUF,2016-02-06,1,1,1,0.840395480226
708,FLA,PIT,2016-02-06,0,0,1,0.840620592384
709,MTL,CAR,2016-02-07,1,0,0,0.839436619718
710,NYI,EDM,2016-02-07,1,1,1,0.839662447257
711,WSH,PHI,2016-02-07,1,1,1,0.839887640449
712,DET,FLA,2016-02-08,1,1,1,0.840112201964
713,NYR,NJD,2016-02-08,1,0,0,0.83893557423
714,OTT,TBL,2016-02-08,1,1,1,0.839160839161
715,PIT,ANA,2016-02-08,1,1,1,0.83938547486
716,NJD,EDM,2016-02-09,1,1,1,0.839609483961
717,NSH,WSH,2016-02-09,0,0,1,0.839832869081
718,MTL,TBL,2016-02-09,1,1,1,0.840055632823
719,STL,WPG,2016-02-09,0,0,1,0.840277777778
720,PHI,ANA,2016-02-09,0,1,0,0.839112343967
721,MIN,DAL,2016-02-09,0,0,1,0.839335180055
722,BUF,FLA,2016-02-09,0,0,1,0.839557399723
723,CHI,SJS,2016-02-09,0,0,1,0.839779005525
724,CGY,TOR,2016-02-09,1,1,1,0.84
725,CBJ,NYI,2016-02-09,0,0,1,0.840220385675
726,COL,VAN,2016-02-09,0,0,1,0.840440165062
727,BOS,LAK,2016-02-09,0,0,1,0.840659340659
728,ARI,VAN,2016-02-10,0,0,1,0.840877914952
729,DET,OTT,2016-02-10,1,1,1,0.841095890411
730,PIT,NYR,2016-02-10,0,0,1,0.841313269494
731,WPG,BOS,2016-02-11,0,0,1,0.841530054645
732,SJS,CGY,2016-02-11,0,0,1,0.841746248295
733,PHI,BUF,2016-02-11,1,0,0,0.840599455041
734,OTT,COL,2016-02-11,0,0,1,0.840816326531
735,CHI,DAL,2016-02-11,0,0,1,0.841032608696
736,MIN,WSH,2016-02-11,0,0,1,0.841248303935
737,EDM,TOR,2016-02-11,1,1,1,0.841463414634
738,CBJ,ANA,2016-02-11,1,1,1,0.841677943166
739,NYI,LAK,2016-02-11,1,0,0,0.840540540541
740,NYR,LAK,2016-02-12,0,0,1,0.840755735493
741,TBL,NSH,2016-02-12,1,1,1,0.840970350404
742,FLA,STL,2016-02-12,0,0,1,0.841184387618
743,ARI,CGY,2016-02-12,1,1,1,0.841397849462
744,CAR,PIT,2016-02-12,0,1,0,0.840268456376
745,BUF,MTL,2016-02-12,1,1,1,0.840482573727
746,DET,COL,2016-02-12,0,0,1,0.840696117805
747,CAR,NYI,2016-02-13,1,1,1,0.840909090909
748,CBJ,OTT,2016-02-13,1,1,1,0.841121495327
749,CHI,ANA,2016-02-13,0,1,0,0.84
750,DAL,WSH,2016-02-13,1,1,1,0.840213049268
751,EDM,WPG,2016-02-13,0,0,1,0.840425531915
752,FLA,NSH,2016-02-13,0,0,1,0.840637450199
753,MIN,BOS,2016-02-13,0,0,1,0.840848806366
754,PHI,NJD,2016-02-13,0,1,0,0.839735099338
755,SJS,ARI,2016-02-13,1,1,1,0.839947089947
756,VAN,TOR,2016-02-13,0,0,1,0.840158520476
757,TBL,STL,2016-02-14,0,1,0,0.839050131926
758,NYR,PHI,2016-02-14,1,1,1,0.839262187088
759,BUF,COL,2016-02-14,1,1,1,0.839473684211
760,DET,BOS,2016-02-14,1,1,1,0.839684625493
761,NJD,LAK,2016-02-14,1,1,1,0.839895013123
762,ARI,MTL,2016-02-15,1,1,1,0.840104849279
763,CGY,ANA,2016-02-15,0,0,1,0.840314136126
764,CHI,TOR,2016-02-15,1,1,1,0.840522875817
765,FLA,PIT,2016-02-15,1,1,1,0.840731070496
766,NSH,DAL,2016-02-15,0,1,0,0.83963494133
767,NYI,DET,2016-02-15,1,1,1,0.83984375
768,VAN,MIN,2016-02-15,0,0,1,0.840052015605
769,TBL,SJS,2016-02-16,0,0,1,0.84025974026
770,STL,DAL,2016-02-16,1,1,1,0.84046692607
771,OTT,BUF,2016-02-16,1,1,1,0.84067357513
772,WSH,LAK,2016-02-16,1,1,1,0.840879689521
773,EDM,ANA,2016-02-16,0,0,1,0.841085271318
774,CBJ,BOS,2016-02-16,0,1,0,0.84
775,CAR,WPG,2016-02-16,1,1,1,0.840206185567
776,NJD,PHI,2016-02-16,0,0,1,0.840411840412
777,CGY,MIN,2016-02-17,0,0,1,0.840616966581
778,COL,MTL,2016-02-17,1,1,1,0.84082156611
779,NYR,CHI,2016-02-17,0,0,1,0.841025641026
780,VAN,ANA,2016-02-18,0,0,1,0.841229193342
781,TOR,NYR,2016-02-18,0,0,1,0.841432225064
782,TBL,WPG,2016-02-18,1,1,1,0.841634738186
783,STL,LAK,2016-02-18,1,1,1,0.841836734694
784,PIT,DET,2016-02-18,1,1,1,0.842038216561
785,FLA,SJS,2016-02-18,0,1,0,0.84096692112
786,NYI,WSH,2016-02-18,0,0,1,0.841168996188
787,NSH,BOS,2016-02-18,1,1,1,0.841370558376
788,EDM,MIN,2016-02-18,0,0,1,0.841571609632
789,ARI,DAL,2016-02-18,1,1,1,0.841772151899
790,OTT,CAR,2016-02-18,1,1,1,0.841972187105
791,NJD,NYI,2016-02-19,0,0,1,0.842171717172
792,MTL,PHI,2016-02-19,1,0,0,0.841109709962
793,CAR,SJS,2016-02-19,1,1,1,0.841309823678
794,CBJ,BUF,2016-02-19,0,0,1,0.841509433962
795,CGY,VAN,2016-02-19,1,1,1,0.841708542714
796,ARI,STL,2016-02-20,0,0,1,0.841907151819
797,DAL,BOS,2016-02-20,0,0,1,0.842105263158
798,EDM,COL,2016-02-20,0,0,1,0.842302878598
799,FLA,WPG,2016-02-20,1,1,1,0.8425
800,NSH,LAK,2016-02-20,0,0,1,0.842696629213
801,OTT,DET,2016-02-20,1,1,1,0.84289276808
802,PIT,TBL,2016-02-20,0,1,0,0.841843088418
803,TOR,PHI,2016-02-20,0,0,1,0.842039800995
804,WSH,NJD,2016-02-20,1,1,1,0.842236024845
805,VAN,COL,2016-02-21,1,0,0,0.841191066998
806,MIN,CHI,2016-02-21,1,1,1,0.841387856258
807,NYR,DET,2016-02-21,1,1,1,0.841584158416
808,BUF,PIT,2016-02-21,0,1,0,0.840543881335
809,ANA,CGY,2016-02-21,1,1,1,0.840740740741
810,CAR,TBL,2016-02-21,0,0,1,0.840937114673
811,BOS,CBJ,2016-02-22,0,0,1,0.841133004926
812,MTL,NSH,2016-02-22,0,1,0,0.840098400984
813,STL,SJS,2016-02-22,0,1,0,0.839066339066
814,WSH,ARI,2016-02-22,1,0,0,0.838036809816
815,TOR,NSH,2016-02-23,0,1,0,0.837009803922
816,TBL,ARI,2016-02-23,1,1,1,0.837209302326
817,NJD,NYR,2016-02-23,1,1,1,0.837408312958
818,MIN,NYI,2016-02-23,0,0,1,0.837606837607
819,DET,CBJ,2016-02-23,1,1,1,0.837804878049
820,EDM,OTT,2016-02-23,0,1,0,0.836784409257
821,CAR,PHI,2016-02-23,1,1,1,0.83698296837
822,WPG,DAL,2016-02-23,0,0,1,0.837181044957
823,LAK,CGY,2016-02-23,1,1,1,0.837378640777
824,COL,SJS,2016-02-24,1,1,1,0.837575757576
825,WSH,MTL,2016-02-24,0,0,1,0.837772397094
826,ANA,BUF,2016-02-24,1,1,1,0.837968561064
827,BOS,PIT,2016-02-24,1,1,1,0.838164251208
828,VAN,OTT,2016-02-25,1,1,1,0.83835946924
829,STL,NYR,2016-02-25,0,1,0,0.83734939759
830,PHI,MIN,2016-02-25,1,1,1,0.837545126354
831,LAK,EDM,2016-02-25,1,1,1,0.837740384615
832,TOR,CAR,2016-02-25,1,1,1,0.83793517407
833,DAL,WPG,2016-02-25,0,0,1,0.838129496403
834,CHI,NSH,2016-02-25,0,0,1,0.838323353293
835,CGY,NYI,2016-02-25,0,0,1,0.838516746411
836,CBJ,NJD,2016-02-25,1,1,1,0.838709677419
837,FLA,ARI,2016-02-25,1,1,1,0.838902147971
838,ANA,EDM,2016-02-26,1,1,1,0.839094159714
839,CAR,BOS,2016-02-26,0,0,1,0.839285714286
840,NJD,TBL,2016-02-26,0,0,1,0.839476813317
841,SJS,BUF,2016-02-26,0,0,1,0.839667458432
842,WSH,MIN,2016-02-26,1,1,1,0.839857651246
843,NSH,STL,2016-02-27,1,1,1,0.840047393365
844,PIT,WPG,2016-02-27,1,1,1,0.840236686391
845,PHI,ARI,2016-02-27,1,1,1,0.840425531915
846,MTL,TOR,2016-02-27,1,1,1,0.840613931523
847,CBJ,FLA,2016-02-27,1,1,1,0.840801886792
848,DAL,NYR,2016-02-27,0,1,0,0.839811542992
849,COL,DET,2016-02-27,0,1,0,0.838823529412
850,CGY,OTT,2016-02-27,0,1,0,0.837837837838
851,LAK,BUF,2016-02-27,1,1,1,0.838028169014
852,ANA,LAK,2016-02-28,1,0,0,0.837045720985
853,BOS,TBL,2016-02-28,0,0,1,0.837236533958
854,CAR,STL,2016-02-28,0,1,0,0.836257309942
855,CHI,WSH,2016-02-28,1,1,1,0.836448598131
856,EDM,NYI,2016-02-28,1,0,0,0.835472578763
857,MIN,FLA,2016-02-28,1,1,1,0.835664335664
858,VAN,SJS,2016-02-28,0,1,0,0.834691501746
859,SJS,MTL,2016-02-29,1,1,1,0.83488372093
860,PIT,ARI,2016-02-29,1,1,1,0.835075493612
861,TOR,TBL,2016-02-29,0,0,1,0.835266821346
862,NYR,CBJ,2016-02-29,1,1,1,0.835457705678
863,DAL,DET,2016-02-29,0,1,0,0.834490740741
864,PHI,CGY,2016-02-29,1,1,1,0.834682080925
865,WSH,PIT,2016-03-01,1,1,1,0.834872979215
866,VAN,NYI,2016-03-01,0,0,1,0.83506343714
867,OTT,STL,2016-03-01,0,0,1,0.835253456221
868,NSH,DAL,2016-03-01,1,1,1,0.835443037975
869,WPG,FLA,2016-03-01,0,0,1,0.835632183908
870,MIN,COL,2016-03-01,1,1,1,0.835820895522
871,BUF,EDM,2016-03-01,0,1,0,0.834862385321
872,BOS,CGY,2016-03-01,1,1,1,0.835051546392
873,NJD,CAR,2016-03-01,0,0,1,0.8352402746
874,ANA,MTL,2016-03-02,1,1,1,0.835428571429
875,DET,CHI,2016-03-02,0,1,0,0.834474885845
876,WSH,TOR,2016-03-02,1,1,1,0.834663625998
877,PHI,EDM,2016-03-03,0,0,1,0.834851936219
878,WPG,NYI,2016-03-03,0,1,0,0.833902161547
879,VAN,SJS,2016-03-03,0,0,1,0.834090909091
880,TOR,MIN,2016-03-03,0,0,1,0.83427922815
881,PIT,NYR,2016-03-03,1,1,1,0.834467120181
882,OTT,TBL,2016-03-03,0,1,0,0.833522083805
883,BUF,CGY,2016-03-03,1,1,1,0.83371040724
884,LAK,MTL,2016-03-03,1,1,1,0.833898305085
885,COL,FLA,2016-03-03,1,1,1,0.834085778781
886,BOS,CHI,2016-03-03,1,1,1,0.834272829763
887,ARI,ANA,2016-03-03,0,0,1,0.834459459459
888,NSH,NJD,2016-03-03,0,0,1,0.834645669291
889,CBJ,EDM,2016-03-04,1,1,1,0.834831460674
890,DAL,NJD,2016-03-04,1,1,1,0.835016835017
891,WSH,NYR,2016-03-04,0,0,1,0.835201793722
892,SJS,VAN,2016-03-05,0,0,1,0.835386338186
893,WPG,MTL,2016-03-05,1,1,1,0.835570469799
894,TOR,OTT,2016-03-05,0,0,1,0.835754189944
895,TBL,CAR,2016-03-05,1,1,1,0.8359375
896,PIT,CGY,2016-03-05,0,1,0,0.835005574136
897,PHI,CBJ,2016-03-05,1,1,1,0.835189309577
898,LAK,ANA,2016-03-05,0,0,1,0.835372636263
899,COL,NSH,2016-03-05,0,0,1,0.835555555556
900,BUF,MIN,2016-03-05,0,1,0,0.834628190899
901,BOS,WSH,2016-03-05,0,0,1,0.834811529933
902,ARI,FLA,2016-03-05,1,1,1,0.834994462901
903,CHI,DET,2016-03-06,1,1,1,0.83517699115
904,MIN,STL,2016-03-06,0,0,1,0.835359116022
905,NJD,PIT,2016-03-06,0,0,1,0.835540838852
906,NYR,NYI,2016-03-06,0,0,1,0.83572216097
907,OTT,DAL,2016-03-06,0,1,0,0.834801762115
908,WPG,EDM,2016-03-06,0,0,1,0.83498349835
909,PHI,TBL,2016-03-07,1,1,1,0.835164835165
910,LAK,VAN,2016-03-07,1,1,1,0.835345773875
911,FLA,BOS,2016-03-07,0,1,0,0.834429824561
912,TOR,BUF,2016-03-07,0,1,0,0.833515881709
913,CGY,SJS,2016-03-07,0,0,1,0.833698030635
914,ANA,WSH,2016-03-07,0,0,1,0.833879781421
915,COL,ARI,2016-03-07,1,1,1,0.834061135371
916,WPG,NSH,2016-03-08,0,0,1,0.834242093784
917,NYI,PIT,2016-03-08,1,1,1,0.834422657952
918,MTL,DAL,2016-03-08,1,1,1,0.834602829162
919,TBL,BOS,2016-03-08,0,0,1,0.834782608696
920,CBJ,DET,2016-03-08,1,1,1,0.834961997828
921,CAR,OTT,2016-03-08,1,1,1,0.835140997831
922,BUF,NYR,2016-03-08,0,0,1,0.835319609967
923,EDM,SJS,2016-03-08,0,0,1,0.835497835498
924,CGY,NSH,2016-03-09,1,1,1,0.835675675676
925,COL,ANA,2016-03-09,1,1,1,0.835853131749
926,LAK,WSH,2016-03-09,1,1,1,0.836030204962
927,STL,CHI,2016-03-09,1,1,1,0.836206896552
928,TOR,NYI,2016-03-09,1,1,1,0.83638320775
929,VAN,ARI,2016-03-09,1,1,1,0.836559139785
930,MTL,BUF,2016-03-10,1,1,1,0.836734693878
931,SJS,NJD,2016-03-10,0,0,1,0.836909871245
932,MIN,EDM,2016-03-10,0,0,1,0.837084673098
933,FLA,OTT,2016-03-10,1,1,1,0.837259100642
934,DET,WPG,2016-03-10,1,1,1,0.83743315508
935,BOS,CAR,2016-03-10,0,0,1,0.837606837607
936,CBJ,PIT,2016-03-11,0,0,1,0.837780149413
937,CGY,ARI,2016-03-11,0,0,1,0.837953091684
938,DAL,CHI,2016-03-11,1,1,1,0.838125665602
939,STL,ANA,2016-03-11,1,1,1,0.83829787234
940,TBL,PHI,2016-03-11,0,0,1,0.838469713071
941,WPG,COL,2016-03-12,1,1,1,0.83864118896
942,VAN,NSH,2016-03-12,1,1,1,0.838812301166
943,SJS,WSH,2016-03-12,1,1,1,0.838983050847
944,MTL,MIN,2016-03-12,0,0,1,0.839153439153
945,LAK,NJD,2016-03-12,0,0,1,0.83932346723
946,OTT,TOR,2016-03-12,1,1,1,0.83949313622
947,EDM,ARI,2016-03-12,0,0,1,0.839662447257
948,DET,NYR,2016-03-12,1,1,1,0.839831401475
949,FLA,PHI,2016-03-12,1,1,1,0.84
950,DAL,STL,2016-03-12,0,0,1,0.840168243954
951,BUF,CAR,2016-03-12,1,1,1,0.840336134454
952,BOS,NYI,2016-03-12,1,1,1,0.840503672613
953,DET,TOR,2016-03-13,0,0,1,0.840670859539
954,NYR,PIT,2016-03-13,0,0,1,0.840837696335
955,CBJ,TBL,2016-03-13,0,0,1,0.8410041841
956,ANA,NJD,2016-03-14,1,1,1,0.841170323929
957,CGY,STL,2016-03-14,1,1,1,0.84133611691
958,CHI,LAK,2016-03-14,0,0,1,0.841501564129
959,EDM,NSH,2016-03-14,0,1,0,0.840625
960,NYI,FLA,2016-03-14,1,1,1,0.840790842872
961,VAN,WPG,2016-03-14,0,0,1,0.840956340956
962,SJS,BOS,2016-03-15,1,1,1,0.841121495327
963,WSH,CAR,2016-03-15,1,1,1,0.841286307054
964,PIT,NYI,2016-03-15,1,1,1,0.841450777202
965,TOR,TBL,2016-03-15,1,0,0,0.840579710145
966,OTT,MIN,2016-03-15,1,1,1,0.840744570838
967,MTL,FLA,2016-03-15,0,1,0,0.839876033058
968,PHI,DET,2016-03-15,1,1,1,0.84004127967
969,DAL,LAK,2016-03-15,0,0,1,0.840206185567
970,ANA,NYR,2016-03-16,0,0,1,0.840370751802
971,BUF,MTL,2016-03-16,0,0,1,0.840534979424
972,CGY,WPG,2016-03-16,1,1,1,0.840698869476
973,CHI,PHI,2016-03-16,0,0,1,0.840862422998
974,EDM,STL,2016-03-16,1,1,1,0.841025641026
975,VAN,COL,2016-03-16,0,0,1,0.84118852459
976,TOR,FLA,2016-03-17,0,0,1,0.841351074719
977,PIT,CAR,2016-03-17,1,1,1,0.841513292434
978,NSH,NYI,2016-03-17,1,1,1,0.841675178754
979,NJD,MIN,2016-03-17,1,1,1,0.841836734694
980,ARI,SJS,2016-03-17,1,1,1,0.841997961264
981,DAL,TBL,2016-03-17,1,1,1,0.84215885947
982,CBJ,DET,2016-03-17,0,1,0,0.841302136317
983,LAK,NYR,2016-03-17,1,1,1,0.841463414634
984,WPG,CHI,2016-03-18,0,0,1,0.841624365482
985,WSH,NSH,2016-03-18,1,1,1,0.841784989858
986,EDM,VAN,2016-03-18,1,1,1,0.841945288754
987,ANA,BOS,2016-03-18,1,1,1,0.842105263158
988,BUF,OTT,2016-03-18,1,1,1,0.842264914055
989,CGY,COL,2016-03-18,0,0,1,0.842424242424
990,ARI,TBL,2016-03-19,0,0,1,0.842583249243
991,CBJ,NJD,2016-03-19,1,1,1,0.842741935484
992,DAL,NYI,2016-03-19,1,1,1,0.842900302115
993,FLA,DET,2016-03-19,0,1,0,0.842052313883
994,LAK,BOS,2016-03-19,1,1,1,0.842211055276
995,MIN,CAR,2016-03-19,1,1,1,0.842369477912
996,OTT,MTL,2016-03-19,1,1,1,0.842527582748
997,PHI,PIT,2016-03-19,0,0,1,0.842685370741
998,SJS,NYR,2016-03-19,1,1,1,0.842842842843
999,TOR,BUF,2016-03-19,1,1,1,0.843
1000,VAN,STL,2016-03-19,0,0,1,0.843156843157
1001,PIT,WSH,2016-03-20,1,1,1,0.843313373253
1002,SJS,ARI,2016-03-20,1,0,0,0.842472582253
1003,NJD,CBJ,2016-03-20,1,1,1,0.842629482072
1004,WPG,ANA,2016-03-20,0,1,0,0.841791044776
1005,EDM,COL,2016-03-20,0,0,1,0.841948310139
1006,MTL,CGY,2016-03-20,0,0,1,0.842105263158
1007,CHI,MIN,2016-03-20,0,0,1,0.842261904762
1008,NSH,LAK,2016-03-21,1,1,1,0.842418235877
1009,NYI,PHI,2016-03-21,0,0,1,0.842574257426
1010,NYR,FLA,2016-03-21,1,1,1,0.842729970326
1011,TOR,CGY,2016-03-21,1,1,1,0.842885375494
1012,MTL,ANA,2016-03-22,1,1,1,0.84304047384
1013,ARI,EDM,2016-03-22,1,1,1,0.843195266272
1014,CAR,BUF,2016-03-22,0,1,0,0.84236453202
1015,CBJ,PHI,2016-03-22,1,1,1,0.842519685039
1016,CHI,DAL,2016-03-22,0,0,1,0.84267453294
1017,MIN,LAK,2016-03-22,1,1,1,0.842829076621
1018,OTT,WSH,2016-03-22,0,0,1,0.842983316977
1019,SJS,STL,2016-03-22,0,0,1,0.843137254902
1020,TBL,DET,2016-03-22,1,0,0,0.842311459354
1021,WPG,VAN,2016-03-22,1,1,1,0.842465753425
1022,NYR,BOS,2016-03-23,1,1,1,0.842619745846
1023,NYI,OTT,2016-03-23,1,0,0,0.841796875
1024,WPG,LAK,2016-03-24,1,1,1,0.841951219512
1025,TOR,ANA,2016-03-24,1,1,1,0.842105263158
1026,PIT,NJD,2016-03-24,0,0,1,0.842259006816
1027,SJS,EDM,2016-03-24,0,1,0,0.841439688716
1028,NSH,VAN,2016-03-24,1,1,1,0.841593780369
1029,BOS,FLA,2016-03-24,0,0,1,0.841747572816
1030,DET,MTL,2016-03-24,1,0,0,0.840931134821
1031,COL,PHI,2016-03-24,0,1,0,0.84011627907
1032,CBJ,CAR,2016-03-24,0,0,1,0.840271055179
1033,ARI,DAL,2016-03-24,1,0,0,0.839458413926
1034,MIN,CGY,2016-03-24,1,1,1,0.83961352657
1035,NJD,WSH,2016-03-25,0,0,1,0.839768339768
1036,STL,VAN,2016-03-25,1,1,1,0.839922854388
1037,TBL,NYI,2016-03-25,1,1,1,0.840077071291
1038,OTT,ANA,2016-03-26,0,1,0,0.83926852743
1039,SJS,DAL,2016-03-26,0,1,0,0.838461538462
1040,DET,PIT,2016-03-26,0,0,1,0.838616714697
1041,TOR,BOS,2016-03-26,0,0,1,0.83877159309
1042,WSH,STL,2016-03-26,0,0,1,0.838926174497
1043,TBL,FLA,2016-03-26,0,0,1,0.83908045977
1044,NSH,CBJ,2016-03-26,1,1,1,0.839234449761
1045,COL,MIN,2016-03-26,0,0,1,0.839388145315
1046,LAK,EDM,2016-03-26,1,1,1,0.839541547278
1047,MTL,NYR,2016-03-26,0,0,1,0.839694656489
1048,CGY,CHI,2016-03-26,0,0,1,0.839847473785
1049,CAR,NYI,2016-03-26,0,1,0,0.839047619048
1050,BUF,WPG,2016-03-26,1,1,1,0.83920076118
1051,ARI,PHI,2016-03-26,1,1,1,0.839353612167
1052,CAR,NJD,2016-03-27,1,1,1,0.83950617284
1053,NYR,PIT,2016-03-27,0,0,1,0.839658444023
1054,VAN,CHI,2016-03-27,0,1,0,0.838862559242
1055,TBL,TOR,2016-03-28,1,1,1,0.839015151515
1056,SJS,LAK,2016-03-28,1,1,1,0.839167455061
1057,PHI,WPG,2016-03-28,1,1,1,0.839319470699
1058,WSH,CBJ,2016-03-28,1,1,1,0.839471199245
1059,EDM,ANA,2016-03-28,0,0,1,0.839622641509
1060,DET,BUF,2016-03-28,1,1,1,0.839773798303
1061,ARI,CGY,2016-03-28,0,0,1,0.839924670433
1062,NSH,COL,2016-03-28,0,0,1,0.840075258702
1063,VAN,SJS,2016-03-29,0,0,1,0.84022556391
1064,STL,COL,2016-03-29,1,1,1,0.840375586854
1065,NYI,CAR,2016-03-29,1,1,1,0.84052532833
1066,NJD,BOS,2016-03-29,1,0,0,0.839737582006
1067,PIT,BUF,2016-03-29,1,1,1,0.839887640449
1068,MIN,CHI,2016-03-29,1,1,1,0.840037418148
1069,FLA,TOR,2016-03-29,0,0,1,0.840186915888
1070,DAL,NSH,2016-03-29,1,1,1,0.840336134454
1071,MTL,DET,2016-03-29,1,1,1,0.840485074627
1072,ANA,CGY,2016-03-30,1,1,1,0.840633737185
1073,PHI,WSH,2016-03-30,1,1,1,0.840782122905
1074,WPG,OTT,2016-03-30,0,0,1,0.840930232558
1075,MIN,OTT,2016-03-31,0,0,1,0.841078066914
1076,SJS,VAN,2016-03-31,0,0,1,0.841225626741
1077,PIT,NSH,2016-03-31,1,1,1,0.841372912801
1078,NYI,CBJ,2016-03-31,1,1,1,0.841519925857
1079,TBL,MTL,2016-03-31,0,0,1,0.841666666667
1080,LAK,CGY,2016-03-31,1,1,1,0.841813135985
1081,DAL,ARI,2016-03-31,1,1,1,0.841959334566
1082,CAR,NYR,2016-03-31,1,1,1,0.842105263158
1083,BUF,TOR,2016-03-31,1,1,1,0.842250922509
1084,FLA,NJD,2016-03-31,1,1,1,0.842396313364
1085,ANA,VAN,2016-04-01,0,0,1,0.842541436464
1086,COL,WSH,2016-04-01,0,0,1,0.842686292548
1087,DET,MIN,2016-04-01,1,1,1,0.842830882353
1088,STL,BOS,2016-04-01,0,0,1,0.842975206612
1089,WPG,CHI,2016-04-01,0,0,1,0.843119266055
1090,TOR,DET,2016-04-02,0,0,1,0.843263061412
1091,TBL,NJD,2016-04-02,1,1,1,0.843406593407
1092,NYR,BUF,2016-04-02,0,1,0,0.84263494968
1093,NYI,PIT,2016-04-02,0,0,1,0.842778793419
1094,NSH,SJS,2016-04-02,0,0,1,0.842922374429
1095,PHI,OTT,2016-04-02,1,1,1,0.843065693431
1096,FLA,MTL,2016-04-02,1,1,1,0.843208751139
1097,EDM,CGY,2016-04-02,0,1,0,0.842440801457
1098,CAR,CBJ,2016-04-02,0,0,1,0.842584167425
1099,ARI,WSH,2016-04-02,1,1,1,0.842727272727
1100,LAK,DAL,2016-04-02,0,0,1,0.842870118074
1101,PIT,PHI,2016-04-03,1,1,1,0.843012704174
1102,COL,STL,2016-04-03,0,0,1,0.843155031732
1103,WPG,MIN,2016-04-03,1,1,1,0.843297101449
1104,ANA,DAL,2016-04-03,1,0,0,0.842533936652
1105,CHI,BOS,2016-04-03,1,0,0,0.841772151899
1106,CBJ,NYR,2016-04-04,0,1,0,0.841011743451
1107,NYI,TBL,2016-04-04,1,1,1,0.841155234657
1108,STL,ARI,2016-04-04,1,1,1,0.841298467087
1109,TOR,FLA,2016-04-04,0,0,1,0.841441441441
1110,VAN,LAK,2016-04-04,1,1,1,0.841584158416
1111,WSH,NYI,2016-04-05,0,0,1,0.841726618705
1112,OTT,PIT,2016-04-05,0,0,1,0.841868823001
1113,NYR,TBL,2016-04-05,1,1,1,0.842010771993
1114,NSH,COL,2016-04-05,1,0,0,0.841255605381
1115,MTL,FLA,2016-04-05,0,1,0,0.840501792115
1116,NJD,BUF,2016-04-05,0,1,0,0.839749328559
1117,CHI,ARI,2016-04-05,1,1,1,0.839892665474
1118,CGY,LAK,2016-04-05,0,0,1,0.840035746202
1119,BOS,CAR,2016-04-05,0,0,1,0.840178571429
1120,ANA,WPG,2016-04-05,0,0,1,0.840321141838
1121,MIN,SJS,2016-04-05,0,0,1,0.840463458111
1122,DET,PHI,2016-04-06,1,1,1,0.840605520926
1123,EDM,VAN,2016-04-06,1,1,1,0.840747330961
1124,TOR,CBJ,2016-04-06,0,0,1,0.840888888889
1125,WSH,PIT,2016-04-07,0,1,0,0.840142095915
1126,SJS,WPG,2016-04-07,0,0,1,0.840283939663
1127,OTT,FLA,2016-04-07,1,1,1,0.840425531915
1128,NYR,NYI,2016-04-07,0,0,1,0.840566873339
1129,NSH,ARI,2016-04-07,1,1,1,0.840707964602
1130,NJD,TBL,2016-04-07,0,0,1,0.840848806366
1131,PHI,TOR,2016-04-07,0,0,1,0.840989399293
1132,DAL,COL,2016-04-07,1,1,1,0.841129744042
1133,CHI,STL,2016-04-07,0,0,1,0.84126984127
1134,CGY,VAN,2016-04-07,1,1,1,0.84140969163
1135,CAR,MTL,2016-04-07,0,0,1,0.841549295775
1136,BOS,DET,2016-04-07,1,1,1,0.841688654354
1137,LAK,ANA,2016-04-07,1,1,1,0.841827768014
1138,BUF,CBJ,2016-04-08,0,1,0,0.841088674276
1139,SJS,ARI,2016-04-09,1,1,1,0.841228070175
1140,PHI,PIT,2016-04-09,1,0,0,0.840490797546
1141,NYR,DET,2016-04-09,1,1,1,0.840630472855
1142,NYI,BUF,2016-04-09,0,1,0,0.839895013123
1143,NJD,TOR,2016-04-09,1,1,1,0.840034965035
1144,MTL,TBL,2016-04-09,1,1,1,0.840174672489
1145,DAL,NSH,2016-04-09,1,1,1,0.840314136126
1146,LAK,WPG,2016-04-09,0,0,1,0.840453356582
1147,FLA,CAR,2016-04-09,1,1,1,0.840592334495
1148,COL,ANA,2016-04-09,0,0,1,0.840731070496
1149,CBJ,CHI,2016-04-09,1,1,1,0.840869565217
1150,BOS,OTT,2016-04-09,0,0,1,0.841007819288
1151,STL,WSH,2016-04-09,0,0,1,0.841145833333
1152,MIN,CGY,2016-04-09,0,0,1,0.841283607979
1153,VAN,EDM,2016-04-09,1,1,1,0.841421143847
