,home_team,away_team,date,home_team_win,spread,home_spread,home_wins,home_goals,home_shots,home_PP%,home_FOW%,home_PIM,home_hits,home_blocked,home_giveaways,home_takeaways,home_save%,home_shot%,home_PDO,home_corsi,away_spread,away_wins,away_goals,away_shots,away_PP%,away_FOW%,away_PIM,away_hits,away_blocked,away_giveaways,away_takeaways,away_save%,away_shot%,away_PDO,away_corsi
0,EDM,BUF,2016-10-16,0,-4,2.5,1.0,6.0,28.5,8.35,47.25,12.5,17.5,10.5,10.5,6.5,16.8,0.167857142857,16.9678571429,-3.5,-3.0,0.0,1.0,31.0,20.0,61.5,6.0,28.0,8.0,8.0,3.0,3.2,0.0322580645161,3.23225806452,7.0
1,NYI,ANA,2016-10-16,1,1,-1.5,0.0,2.0,25.0,10.0,49.9,5.0,20.0,15.0,15.5,12.5,9.95,0.0998168498168,10.0498168498,8.5,-1.5,0.0,2.0,35.5,16.65,39.0,8.0,22.5,11.5,4.0,7.0,13.35,0.133333333333,13.4833333333,-3.0
2,VAN,CAR,2016-10-16,1,1,0.0,1.0,1.0,31.0,0.0,50.8,6.0,11.0,8.0,7.0,3.0,3.2,0.0322580645161,3.23225806452,6.0,-1.0,0.0,4.0,27.0,20.0,35.8,10.0,18.0,12.0,13.0,9.0,19.2,0.192307692308,19.3923076923,-1.0
3,DET,OTT,2016-10-17,1,4,-2.5,0.0,2.5,27.0,25.0,50.45,13.0,18.0,12.0,13.0,12.5,13.6,0.135964912281,13.7359649123,10.0,0.5,1.0,4.0,34.0,0.0,55.9,12.5,30.5,20.0,9.5,5.5,12.3,0.122807017544,12.4228070175,3.0
4,NYR,SJS,2016-10-17,1,3,0.5,0.5,3.5,37.0,20.0,46.85,5.0,19.0,14.5,8.0,9.0,14.75,0.147435897436,14.8974358974,-3.0,1.0,1.0,2.5,34.5,41.65,54.15,7.0,19.5,16.5,12.0,9.5,6.8,0.0679723502304,6.86797235023,-0.5
5,PIT,COL,2016-10-17,0,-1,0.5,1.0,2.5,37.5,41.65,41.2,8.5,30.0,14.0,5.0,8.5,6.7,0.0666666666667,6.76666666667,-1.0,1.0,1.0,6.0,33.0,66.7,61.5,8.0,25.0,14.0,8.0,12.0,18.2,0.181818181818,18.3818181818,5.0
6,WPG,BOS,2016-10-17,0,-3,0.0,0.5,4.0,21.5,22.5,45.5,11.5,19.0,14.0,11.5,7.5,16.05,0.160669975186,16.2106699752,6.5,0.0,0.5,3.5,31.0,16.65,53.85,12.0,28.5,16.5,9.0,7.0,13.2,0.131720430108,13.3317204301,-3.5
7,CGY,BUF,2016-10-18,1,1,-1.66666666667,0.0,2.66666666667,33.6666666667,5.56666666667,48.4333333333,10.3333333333,15.3333333333,9.66666666667,9.33333333333,5.33333333333,12.2666666667,0.122657450077,12.3893241167,-0.333333333333,0.5,0.5,3.5,27.5,10.0,54.9,11.0,30.0,9.5,10.0,5.0,4.65,0.0464320625611,4.69643206256,8.0
8,CHI,PHI,2016-10-18,1,3,-0.666666666667,0.333333333333,3.0,23.3333333333,47.2333333333,47.8,11.3333333333,21.3333333333,14.6666666667,10.0,8.66666666667,13.3666666667,0.133853151397,13.5005198181,-6.66666666667,0.5,0.5,3.5,30.0,8.35,53.65,7.0,31.0,14.5,6.0,1.5,9.7,0.0971428571429,9.79714285714,0.0
9,EDM,CAR,2016-10-18,1,1,0.333333333333,0.666666666667,4.66666666667,30.0,5.56666666667,47.6,13.6666666667,22.3333333333,10.6666666667,11.0,6.66666666667,13.2333333333,0.132106782107,13.3654401154,0.666666666667,-1.0,0.0,3.5,24.5,10.0,42.05,7.0,17.0,13.5,11.5,9.5,16.05,0.160669975186,16.2106699752,4.0
10,MIN,LAK,2016-10-18,1,3,0.0,0.5,3.0,26.0,12.5,54.0,13.5,20.5,16.5,6.5,7.0,11.3,0.112903225806,11.4129032258,12.0,-1.5,0.0,1.5,23.5,16.65,56.55,5.0,28.0,17.0,14.5,8.0,7.25,0.0722580645161,7.32225806452,2.0
11,MTL,PIT,2016-10-18,1,4,1.5,0.5,3.5,24.0,10.0,62.4,8.0,29.5,11.5,8.0,4.0,5.55,0.0556027164686,5.60560271647,10.5,0.0,0.666666666667,2.66666666667,35.3333333333,41.1,48.6666666667,10.3333333333,27.3333333333,15.3333333333,5.66666666667,6.66666666667,7.7,0.0767025089606,7.77670250896,-0.666666666667
12,NJD,ANA,2016-10-18,1,1,-1.0,0.0,1.5,29.0,0.0,52.7,12.0,23.5,7.5,10.0,10.5,7.35,0.0735294117647,7.42352941176,5.0,-1.33333333333,0.0,2.0,32.3333333333,11.1,38.9,8.66666666667,21.0,14.3333333333,4.66666666667,7.33333333333,12.2333333333,0.122222222222,12.3555555556,-0.666666666667
13,NSH,DAL,2016-10-18,0,-1,-0.5,0.5,3.0,31.5,58.35,51.85,12.0,21.0,18.0,9.5,8.0,14.8,0.148148148148,14.9481481481,-3.0,0.5,0.5,4.5,24.0,33.35,48.85,9.0,22.5,12.0,8.0,9.0,19.1,0.190909090909,19.2909090909,-5.0
14,NYI,SJS,2016-10-18,0,-1,-0.666666666667,0.333333333333,2.33333333333,26.6666666667,6.66666666667,46.1666666667,6.66666666667,19.3333333333,16.6666666667,12.3333333333,11.0,9.96666666667,0.0998778998779,10.0665445665,7.0,-0.333333333333,0.666666666667,3.0,33.3333333333,38.8666666667,55.2333333333,8.0,21.3333333333,17.0,10.0,8.33333333333,12.5666666667,0.125774670269,12.6924413369,-1.0
15,OTT,ARI,2016-10-18,1,3,-1.0,0.666666666667,3.0,33.3333333333,16.6666666667,53.6333333333,15.0,27.0,18.3333333333,9.33333333333,5.33333333333,14.8666666667,0.148538011696,15.0152046784,-0.333333333333,1.0,1.0,4.0,35.0,16.7,44.2,8.0,30.0,16.0,2.0,2.0,11.4,0.114285714286,11.5142857143,5.0
16,TBL,FLA,2016-10-18,1,0,1.5,1.0,4.5,35.0,25.0,53.9,15.0,24.5,10.0,9.0,10.0,12.75,0.127450980392,12.8774509804,2.0,2.0,1.0,3.0,36.0,0.0,49.25,10.0,17.0,9.5,14.0,13.0,8.2,0.0820433436533,8.28204334365,13.0
17,VAN,STL,2016-10-18,1,1,0.5,1.0,2.5,31.0,0.0,49.55,5.0,13.5,11.5,8.5,6.5,8.05,0.0806451612903,8.13064516129,7.5,1.66666666667,1.0,3.66666666667,27.3333333333,15.0,44.8666666667,9.33333333333,19.0,12.6666666667,5.33333333333,8.33333333333,12.3,0.12290133937,12.4229013394,-7.0
18,WSH,COL,2016-10-18,1,3,0.5,0.5,2.0,34.5,25.0,44.4,7.5,25.5,14.5,13.5,11.5,6.9,0.0690476190476,6.96904761905,-2.5,1.0,1.0,5.0,32.0,53.35,62.55,11.0,23.5,16.0,7.5,7.5,13.95,0.139296187683,14.0892961877,2.5
19,NYR,DET,2016-10-19,0,-1,1.33333333333,0.666666666667,4.66666666667,34.3333333333,24.4333333333,50.3666666667,6.66666666667,21.0,15.6666666667,7.33333333333,8.0,17.8666666667,0.178750368406,18.0454170351,-2.66666666667,-0.333333333333,0.333333333333,3.33333333333,26.3333333333,33.3333333333,50.0,15.3333333333,18.6666666667,13.0,11.6666666667,10.0,15.7333333333,0.15730994152,15.8906432749,4.33333333333
20,WPG,TOR,2016-10-19,1,1,-1.0,0.333333333333,3.0,26.0,15.0,44.9333333333,10.3333333333,20.6666666667,12.6666666667,13.0,7.66666666667,11.6666666667,0.116637126315,11.783303793,7.66666666667,1.0,0.5,4.0,31.0,0.0,55.0,16.5,29.0,21.5,10.0,7.5,16.7,0.166666666667,16.8666666667,-4.5
21,BOS,NJD,2016-10-20,1,1,1.0,0.666666666667,3.66666666667,29.0,11.1,50.5,10.6666666667,27.0,14.3333333333,11.3333333333,7.33333333333,9.76666666667,0.0973374295955,9.86400409626,1.0,-0.333333333333,0.333333333333,1.66666666667,28.6666666667,9.53333333333,51.3,12.3333333333,21.0,9.0,9.0,9.0,7.26666666667,0.0728291316527,7.33949579832,4.66666666667
22,CGY,CAR,2016-10-20,0,-2,-1.0,0.25,3.0,33.75,4.175,47.7,10.75,15.5,9.75,12.0,6.75,12.15,0.121404852263,12.2714048523,3.0,-1.0,0.0,3.0,27.3333333333,6.66666666667,40.9,6.0,17.3333333333,14.0,12.0,10.0,14.2666666667,0.142827602505,14.4094942692,1.0
23,DAL,LAK,2016-10-20,0,-1,0.666666666667,0.666666666667,3.66666666667,28.3333333333,33.3333333333,48.7,8.0,22.3333333333,14.0,8.66666666667,8.0,13.9333333333,0.139177489177,14.0725108225,-6.33333333333,-2.0,0.0,2.0,25.6666666667,19.4333333333,53.7333333333,6.66666666667,23.3333333333,19.6666666667,12.3333333333,8.0,12.5333333333,0.125095119934,12.6584284533,0.0
24,EDM,STL,2016-10-20,1,2,0.5,0.75,4.25,29.5,4.175,45.35,11.25,21.25,11.75,11.5,7.75,12.6,0.125865800866,12.7258658009,-0.75,1.0,0.75,3.0,26.5,11.25,45.7,8.5,17.5,11.75,5.5,8.25,11.15,0.111406773758,11.2614067738,-4.75
25,FLA,WSH,2016-10-20,0,-2,1.33333333333,0.666666666667,3.0,34.3333333333,0.0,48.4666666667,9.33333333333,16.3333333333,8.66666666667,13.0,11.3333333333,9.03333333333,0.0904098481498,9.12374318148,7.66666666667,1.33333333333,0.666666666667,2.33333333333,36.3333333333,30.0,47.4,9.33333333333,22.6666666667,12.6666666667,14.3333333333,11.6666666667,7.1,0.0710317460317,7.17103174603,5.66666666667
26,MIN,TOR,2016-10-20,1,1,1.0,0.666666666667,4.0,26.0,16.6666666667,52.0333333333,12.3333333333,18.3333333333,19.3333333333,7.0,7.33333333333,15.2333333333,0.152191894127,15.3855252275,6.66666666667,0.333333333333,0.333333333333,4.0,34.0,11.1,55.4333333333,12.3333333333,27.0,19.6666666667,11.6666666667,6.33333333333,16.0333333333,0.160130718954,16.1934640523,-5.0
27,MTL,ARI,2016-10-20,1,3,2.33333333333,0.666666666667,3.66666666667,26.6666666667,12.2333333333,59.6666666667,10.6666666667,26.0,10.6666666667,10.3333333333,4.0,7.86666666667,0.0787351443124,7.94540181098,5.66666666667,-1.0,0.5,4.0,35.0,33.35,47.1,11.0,25.0,19.5,9.0,5.0,14.05,0.140476190476,14.1904761905,6.0
28,PHI,ANA,2016-10-20,0,-1,-0.666666666667,0.333333333333,3.66666666667,29.0,27.8,52.1333333333,7.33333333333,27.3333333333,12.6666666667,9.33333333333,3.66666666667,14.8,0.148095238095,14.9480952381,0.333333333333,-1.25,0.0,1.75,30.25,15.475,41.3,9.75,19.75,13.75,5.25,7.0,10.95,0.109523809524,11.0595238095,0.5
29,PIT,SJS,2016-10-20,1,1,-1.0,0.5,2.0,35.5,35.0,50.05,11.75,25.25,13.75,8.0,6.0,8.9,0.0887768817204,8.98877688172,-1.5,0.0,0.75,3.0,31.75,29.15,56.5,6.5,22.0,17.0,9.75,8.0,11.6,0.116070133136,11.7160701331,-1.75
30,TBL,COL,2016-10-20,0,-4,1.0,1.0,4.0,32.6666666667,16.6666666667,51.5666666667,12.6666666667,21.3333333333,9.0,9.66666666667,9.33333333333,12.0666666667,0.120681605976,12.1873482726,0.333333333333,-0.333333333333,0.666666666667,3.33333333333,27.3333333333,48.9,59.5,11.6666666667,21.3333333333,13.6666666667,10.3333333333,9.0,11.8,0.117864125122,11.9178641251,9.0
31,VAN,BUF,2016-10-20,1,1,0.666666666667,1.0,2.33333333333,29.3333333333,0.0,49.1,5.33333333333,13.3333333333,10.6666666667,7.66666666667,7.0,7.93333333333,0.0794044665012,8.01273779983,5.66666666667,0.0,0.333333333333,3.33333333333,25.3333333333,6.66666666667,51.7666666667,11.3333333333,25.3333333333,9.66666666667,13.3333333333,7.0,7.03333333333,0.0701703946486,7.10350372798,9.66666666667
32,CBJ,CHI,2016-10-21,1,1,-2.0,0.0,2.5,29.5,41.65,52.25,8.0,22.0,13.5,7.0,4.5,8.4,0.0841013824885,8.48410138249,-8.0,0.25,0.5,4.0,24.5,52.1,48.125,10.5,21.0,13.25,11.5,8.5,16.275,0.162889863548,16.4378898635,-4.75
33,DET,NSH,2016-10-21,1,2,0.0,0.5,3.0,24.25,25.0,51.975,13.5,18.75,13.25,11.5,12.0,12.55,0.125558213716,12.6755582137,7.0,-0.666666666667,0.333333333333,2.33333333333,30.3333333333,50.0,50.7,10.0,21.3333333333,18.0,9.66666666667,7.33333333333,11.0666666667,0.110670194004,11.1773368607,-5.0
34,NYI,ARI,2016-10-21,1,1,-0.75,0.25,2.25,25.75,5.0,49.7,5.5,20.5,16.75,11.5,10.0,9.65,0.0966475553432,9.74664755534,4.25,-1.66666666667,0.333333333333,3.33333333333,33.0,30.5666666667,46.7,9.33333333333,24.6666666667,19.3333333333,10.0,7.0,13.2333333333,0.132410483573,13.3657438169,8.66666666667
35,BOS,MTL,2016-10-22,0,-2,1.0,0.75,3.25,30.75,8.325,49.825,9.5,27.5,15.25,9.5,6.25,8.725,0.0868919610855,8.81189196109,2.5,2.5,0.75,4.0,30.75,15.425,56.225,9.5,25.5,12.75,10.75,5.75,8.8,0.0881211256762,8.88812112568,7.75
36,CGY,STL,2016-10-22,0,-2,-1.2,0.2,2.8,32.2,3.34,47.32,11.8,15.8,11.2,11.8,6.4,11.26,0.112508497195,11.3725084972,1.2,0.4,0.6,2.6,28.2,9.0,48.08,8.0,18.4,15.4,6.8,9.0,11.52,0.115212375528,11.6352123755,-6.2
37,CHI,TOR,2016-10-22,1,0,0.0,0.4,3.6,26.4,61.68,49.18,10.0,20.8,14.6,9.6,7.4,15.16,0.151740462267,15.3117404623,-5.0,0.0,0.25,3.5,33.75,8.325,57.15,10.75,24.25,18.0,11.25,7.25,14.8,0.147875816993,14.947875817,-5.25
38,DAL,CBJ,2016-10-22,0,-3,0.25,0.5,3.5,26.25,31.25,51.825,13.25,19.25,15.5,9.75,7.0,14.2,0.141883116883,14.3418831169,-9.5,-1.0,0.333333333333,2.66666666667,29.0,61.1,52.6333333333,8.0,21.3333333333,15.6666666667,5.33333333333,4.0,9.16666666667,0.0917818740399,9.25844854071,-7.33333333333
39,DET,SJS,2016-10-22,1,3,0.4,0.6,3.4,28.0,25.72,51.58,13.8,18.6,12.8,10.2,11.4,12.36,0.123702384926,12.4837023849,7.6,-0.2,0.6,2.8,32.2,27.32,55.7,6.4,22.4,16.6,9.8,6.8,12.28,0.122856106509,12.4028561065,-4.2
40,FLA,COL,2016-10-22,1,3,0.5,0.5,2.75,32.75,6.25,50.45,7.5,15.75,8.5,11.0,12.5,8.55,0.0856645289695,8.63566452897,5.5,0.75,0.75,3.5,24.5,36.675,57.35,11.0,23.25,12.0,9.25,9.25,8.85,0.0883980938416,8.93839809384,9.5
41,LAK,VAN,2016-10-22,1,0,-1.25,0.25,2.5,29.0,20.825,55.6,12.25,20.0,19.75,12.5,7.0,13.15,0.13132133995,13.28132134,-4.75,0.75,1.0,2.25,27.0,5.0,48.725,6.5,13.25,11.0,7.5,5.75,8.45,0.0845533498759,8.53455334988,2.5
42,NJD,MIN,2016-10-22,1,1,-0.5,0.25,1.5,28.75,7.15,50.425,10.75,23.0,11.25,7.75,7.5,6.85,0.0685107376284,6.91851073763,5.25,1.0,0.75,3.75,26.25,12.5,54.6,10.75,17.75,17.75,7.75,8.0,14.2,0.141921698373,14.3419216984,3.5
43,NSH,PIT,2016-10-22,1,4,-1.0,0.25,2.5,31.0,44.65,50.525,11.25,20.5,16.25,8.5,7.75,11.2,0.112072412945,11.3120724129,-1.25,-0.6,0.6,2.2,32.4,32.0,50.54,10.6,25.0,14.0,8.4,5.2,10.12,0.101021505376,10.2210215054,-4.0
44,OTT,TBL,2016-10-22,0,-3,0.0,0.75,4.0,35.5,25.0,52.725,14.75,25.25,19.5,11.0,6.0,15.325,0.153070175439,15.4780701754,1.5,-0.25,0.75,3.0,31.25,12.5,51.4,11.75,23.25,8.5,8.75,9.5,9.05,0.0905112044818,9.14051120448,3.0
45,PHI,CAR,2016-10-22,1,3,-0.75,0.25,3.25,27.25,24.425,48.875,7.0,26.0,13.5,8.75,3.25,13.375,0.133798701299,13.5087987013,-0.75,-0.25,0.25,3.25,28.5,5.0,42.125,8.5,17.25,14.75,11.75,8.75,12.625,0.12635147111,12.7513514711,-0.75
46,WSH,NYR,2016-10-22,0,-2,1.5,0.75,2.75,34.5,28.75,49.65,7.5,20.5,11.5,12.0,12.75,7.1,0.071130952381,7.17113095238,4.0,0.75,0.5,3.75,34.0,18.325,52.25,7.0,20.5,15.25,8.25,10.5,14.15,0.14163853388,14.2916385339,1.75
47,ANA,VAN,2016-10-23,1,2,-0.8,0.2,2.0,29.4,15.24,40.86,9.0,20.2,14.2,5.6,6.0,10.58,0.105800865801,10.6858008658,-0.4,0.6,0.8,2.4,26.6,10.66,50.46,8.6,16.8,10.4,8.0,6.2,8.7,0.0869975186104,8.78699751861,3.2
48,NYI,MIN,2016-10-23,1,3,-0.4,0.4,2.4,26.8,4.0,46.74,6.4,20.2,16.4,10.6,9.2,9.66,0.0966728829842,9.75667288298,4.6,0.6,0.6,3.2,26.8,10.0,53.68,9.8,19.6,15.6,8.6,7.2,12.62,0.126037358699,12.7460373587,3.4
49,NYR,ARI,2016-10-23,1,1,1.0,0.6,3.8,32.4,14.66,52.64,6.8,21.2,14.8,10.4,10.4,12.74,0.12759654139,12.8675965414,1.8,-1.5,0.25,3.0,31.0,22.925,43.75,9.5,23.25,18.25,9.25,6.75,12.35,0.123501411067,12.4735014111,8.0
50,WPG,EDM,2016-10-23,0,-3,-0.5,0.5,3.5,28.0,19.575,47.775,8.75,21.25,13.5,13.5,6.75,12.425,0.124242550618,12.5492425506,4.25,0.8,0.8,4.0,28.2,3.34,47.8,10.2,21.4,15.4,11.6,8.6,12.68,0.126779597214,12.8067795972,-3.0
51,CHI,CGY,2016-10-24,0,0,0.6,0.6,4.0,29.6,56.68,51.9,8.8,18.8,15.2,9.4,6.6,15.34,0.153544973545,15.4935449735,-2.0,-1.0,0.2,2.8,29.4,0.0,49.54,11.2,14.0,11.4,12.4,6.6,9.22,0.092138126825,9.31213812683,1.2
52,MTL,PHI,2016-10-24,1,2,2.4,0.8,4.0,30.4,15.68,53.56,10.4,26.6,11.4,9.8,6.2,8.94,0.0895445195885,9.02954451959,4.6,0.0,0.4,3.8,27.2,24.54,48.94,8.0,23.4,15.4,8.8,3.2,15.14,0.151483405483,15.2914834055,-1.2
53,BOS,MIN,2016-10-25,0,-5,0.4,0.6,3.0,28.8,10.0,48.44,10.4,28.2,13.4,8.8,6.6,8.88,0.088561187916,8.96856118792,0.4,0.2,0.6,3.4,28.4,10.0,53.48,11.4,21.6,16.8,9.8,6.6,14.32,0.143046156353,14.4630461564,2.2
54,DAL,WPG,2016-10-25,1,1,-0.4,0.4,2.8,27.4,25.0,54.58,12.4,17.6,16.0,10.2,7.0,11.36,0.113506493506,11.4735064935,-6.4,-1.0,0.4,2.8,28.6,15.66,46.98,7.8,22.8,12.2,13.0,6.8,9.94,0.0993940404946,10.0393940405,3.2
55,DET,CAR,2016-10-25,1,2,1.4,0.8,3.2,28.0,15.72,53.04,12.2,17.6,13.8,9.8,10.2,10.9,0.109119051593,11.0091190516,7.2,-0.8,0.2,3.2,28.8,9.0,43.54,9.2,16.4,16.4,11.2,7.6,14.54,0.145525621332,14.6855256213,-1.2
56,LAK,CBJ,2016-10-25,1,1,-1.0,0.4,2.6,29.4,23.32,55.96,13.2,22.2,17.4,12.0,7.2,12.46,0.12441191067,12.5844119107,-2.6,0.0,0.5,2.75,28.25,45.825,55.875,8.25,18.75,16.25,7.0,4.75,6.875,0.06883640553,6.94383640553,-4.0
57,NJD,ARI,2016-10-25,1,2,-0.2,0.4,1.6,29.4,5.72,50.34,9.8,23.8,10.4,8.6,6.8,6.74,0.0673085901027,6.8073085901,4.8,-1.4,0.2,2.8,30.6,28.34,44.66,8.0,22.6,20.2,11.8,7.2,12.18,0.121878051931,12.3018780519,5.8
58,PHI,BUF,2016-10-25,1,0,-0.8,0.2,3.2,27.6,29.54,46.48,7.2,23.4,16.0,10.0,3.4,15.36,0.153665223665,15.5136652237,0.0,-0.25,0.25,2.75,25.75,10.0,50.725,11.0,22.25,10.25,11.75,5.75,7.775,0.0776277959864,7.85262779599,5.5
59,PIT,FLA,2016-10-25,1,1,-1.4,0.4,2.0,33.4,27.0,50.3,9.2,19.2,14.6,8.0,4.4,12.12,0.121021505376,12.2410215054,-2.8,1.0,0.6,3.2,33.8,8.34,50.52,8.2,15.8,7.6,10.2,11.4,9.48,0.0948474126493,9.57484741265,6.4
60,SJS,ANA,2016-10-25,1,1,-1.0,0.4,2.4,32.0,20.66,58.36,8.0,21.0,15.2,7.8,4.4,12.86,0.128702880703,12.9887028807,-5.6,0.0,0.4,2.4,29.8,25.24,46.6,7.8,23.6,14.0,5.6,5.8,8.74,0.0874224874225,8.82742248742,6.2
61,STL,CGY,2016-10-25,0,-3,0.2,0.6,2.8,29.6,4.0,50.3,8.0,17.2,16.0,7.6,8.8,12.38,0.123789373579,12.5037893736,-6.0,-0.6,0.4,2.6,28.6,0.0,47.64,10.8,14.2,11.8,11.4,6.0,8.72,0.0871164818034,8.8071164818,0.4
62,TOR,TBL,2016-10-25,0,-4,0.0,0.2,3.6,33.8,6.66,56.38,9.4,21.8,16.6,11.0,7.0,14.12,0.141157796452,14.2611577965,-4.0,0.4,0.8,3.2,32.0,10.0,50.48,11.0,22.2,9.8,9.4,9.4,7.96,0.0795518207283,8.03955182073,1.0
63,VAN,OTT,2016-10-25,0,-3,0.2,0.6,2.6,24.2,20.66,53.28,8.2,22.0,10.6,8.2,6.6,10.22,0.102167527329,10.3221675273,5.6,-0.6,0.6,3.4,34.0,20.0,51.54,13.4,23.8,18.6,11.2,6.6,12.98,0.129598997494,13.1095989975,-0.2
64,ANA,NSH,2016-10-26,1,5,0.0,0.4,2.2,26.6,22.58,45.96,10.8,20.8,15.0,10.0,5.6,8.52,0.0852002652003,8.6052002652,7.6,0.0,0.4,3.0,30.8,40.72,48.3,9.8,17.6,16.6,8.4,7.2,12.3,0.122991263689,12.4229912637,-2.0
65,EDM,WSH,2016-10-26,1,3,0.8,0.8,3.2,29.0,0.0,48.62,8.4,22.2,14.8,11.4,8.4,7.68,0.0767795972144,7.75677959721,-0.6,0.8,0.6,2.6,33.2,23.0,50.56,7.2,21.2,11.8,13.4,12.2,7.1,0.0711904761905,7.17119047619,3.6
66,NYI,MTL,2016-10-26,0,-1,0.6,0.6,3.0,27.8,0.0,46.78,9.6,21.6,17.8,9.6,8.0,10.74,0.107395493707,10.8473954937,3.2,2.2,0.8,3.8,32.2,16.68,51.42,9.6,27.4,13.0,11.4,6.0,10.12,0.101274724867,10.2212747249,3.4
67,NYR,BOS,2016-10-26,1,3,0.8,0.6,3.4,29.8,20.66,51.98,6.0,20.4,17.2,12.0,10.0,12.48,0.125032438826,12.6050324388,-1.0,-1.2,0.4,1.8,26.8,3.34,48.54,12.2,27.6,12.0,10.2,7.4,6.94,0.0692063492063,7.00920634921,0.4
68,BUF,MIN,2016-10-27,0,-4,-0.2,0.2,2.8,25.6,23.0,51.26,10.4,21.8,11.0,12.0,5.6,7.68,0.0767363831306,7.75673638313,7.6,1.0,0.6,3.6,28.8,5.0,51.78,11.8,22.8,15.2,11.0,7.2,11.74,0.11723970474,11.8572397047,-1.8
69,LAK,NSH,2016-10-27,1,1,-0.6,0.6,3.0,31.0,16.66,56.9,12.8,24.0,15.0,11.4,4.8,13.16,0.131508684864,13.2915086849,-2.6,-1.2,0.2,2.6,31.2,45.72,48.08,7.8,17.8,16.0,9.8,6.2,14.7,0.146922887621,14.8469228876,-3.2
70,MTL,TBL,2016-10-27,1,2,2.4,1.0,3.8,33.2,26.68,49.74,8.0,25.2,15.6,12.4,6.6,9.96,0.0997709654686,10.0597709655,0.4,0.8,0.8,3.4,29.6,5.0,52.2,8.6,23.0,9.8,9.2,9.6,6.02,0.0601719757671,6.08017197577,4.0
71,PHI,ARI,2016-10-27,0,-1,-0.6,0.4,3.2,29.8,41.2,48.32,7.2,21.4,15.6,12.2,4.0,14.54,0.14544222715,14.6854422271,2.2,-2.0,0.0,2.6,29.8,38.34,46.32,7.6,19.4,18.8,13.0,7.4,12.76,0.127592337645,12.8875923376,5.6
72,PIT,NYI,2016-10-27,1,2,-1.4,0.4,2.0,28.8,30.34,51.38,9.6,19.6,16.0,8.6,3.8,13.5,0.134960899316,13.6349608993,-4.6,0.6,0.6,3.2,29.0,10.0,48.12,9.2,22.4,20.6,8.8,6.8,10.74,0.107395493707,10.8473954937,1.8
73,SJS,CBJ,2016-10-27,1,2,-1.0,0.4,2.2,31.6,14.66,54.42,10.2,20.2,16.4,11.2,5.0,12.56,0.125528277528,12.6855282775,-0.4,-0.2,0.4,2.6,26.8,36.66,55.64,7.0,21.6,14.8,8.8,4.4,7.5,0.075069124424,7.57506912442,-1.4
74,STL,DET,2016-10-27,0,0,-0.6,0.4,2.4,28.2,9.0,50.42,7.2,16.2,13.6,7.2,7.8,11.28,0.112767868203,11.3927678682,-9.2,2.4,1.0,3.8,28.6,15.72,53.48,12.6,18.0,13.4,8.2,8.6,12.0,0.120066420014,12.12006642,2.8
75,TOR,FLA,2016-10-27,1,1,-0.6,0.2,3.4,34.8,11.66,59.6,8.0,21.0,13.4,10.8,7.8,12.18,0.121777951491,12.3017779515,1.4,0.6,0.4,3.2,31.4,18.34,49.24,7.0,17.2,10.8,8.2,10.4,11.02,0.11035543404,11.130355434,4.4
76,WPG,DAL,2016-10-27,1,3,-1.4,0.2,2.2,29.4,15.0,51.0,7.8,23.8,13.8,12.0,6.2,8.4,0.08400942511,8.48400942511,2.6,-0.6,0.4,2.6,28.6,28.34,58.52,12.4,18.2,18.0,10.2,7.0,9.66,0.0965834165834,9.75658341658,-4.2
77,ANA,CBJ,2016-10-28,0,-4,1.2,0.6,3.0,26.6,37.58,49.26,10.8,21.2,14.2,11.6,4.6,11.14,0.111354111354,11.2513541114,6.2,0.0,0.4,2.2,25.6,50.0,56.22,7.0,19.6,16.0,11.4,5.0,7.62,0.0764039408867,7.69640394089,0.6
78,CAR,NYR,2016-10-28,1,1,-1.0,0.2,2.8,29.6,5.0,45.8,8.8,16.0,16.6,10.0,7.4,13.9,0.139064082871,14.0390640829,-2.2,1.6,0.8,4.0,29.0,23.32,51.92,6.0,20.4,16.2,14.6,11.8,12.36,0.123957170008,12.48395717,2.8
79,CGY,OTT,2016-10-28,1,3,0.0,0.6,3.2,29.6,5.0,48.16,11.6,15.2,11.2,10.2,6.0,8.92,0.0889982022335,9.00899820223,-2.0,-0.2,0.6,3.0,33.6,20.0,54.04,10.8,21.6,15.4,10.6,6.4,9.64,0.0962656641604,9.73626566416,0.2
80,COL,WPG,2016-10-28,0,-1,0.0,0.6,3.2,25.2,32.68,56.04,11.0,21.8,10.4,8.8,8.8,9.72,0.097034264547,9.81703426455,9.6,-0.6,0.4,2.4,33.2,15.72,49.96,7.6,23.2,14.0,12.6,6.8,8.04,0.0804251957193,8.12042519572,-0.8
81,NJD,CHI,2016-10-28,0,-1,0.4,0.6,2.4,31.6,19.06,50.12,8.2,22.6,11.4,7.6,5.4,8.42,0.0841153127918,8.50411531279,3.6,0.8,0.6,4.0,31.4,46.68,49.7,6.8,17.2,14.0,8.8,5.4,14.34,0.143443963444,14.4834439634,-2.2
82,VAN,EDM,2016-10-28,0,-2,-0.6,0.4,1.8,22.4,20.66,55.82,7.8,22.6,9.4,7.8,5.6,7.64,0.0763610757159,7.71636107572,2.6,1.0,0.8,3.0,29.0,5.0,48.46,7.6,26.0,15.2,12.0,9.0,8.72,0.0872229469681,8.80722294697,-3.0
83,ARI,COL,2016-10-29,0,-1,-1.2,0.2,2.8,27.8,33.34,46.68,7.0,20.4,17.4,12.4,6.6,11.92,0.119259004312,12.0392590043,5.6,-0.4,0.4,2.0,26.0,19.34,56.68,10.6,20.4,11.2,8.4,8.0,6.08,0.0606706281834,6.14067062818,11.8
84,BUF,FLA,2016-10-29,1,3,-0.4,0.2,2.6,27.0,19.0,51.72,10.0,20.2,11.2,12.6,6.2,7.04,0.0702847702274,7.11028477023,9.4,-0.2,0.2,2.8,30.0,18.34,50.78,7.4,18.2,10.6,7.0,9.4,11.06,0.110731373889,11.1707313739,0.6
85,DET,BOS,2016-10-29,0,-1,1.6,1.0,3.0,29.0,5.72,54.02,10.6,17.6,12.4,7.4,9.6,8.62,0.0863164200141,8.70631642001,5.2,-1.2,0.4,2.0,27.6,10.0,44.6,9.4,24.8,10.0,11.4,8.8,6.82,0.0681310803891,6.88813108039,1.0
86,MIN,DAL,2016-10-29,1,4,1.2,0.6,3.2,28.0,0.0,54.92,10.6,24.0,12.0,11.6,6.8,7.12,0.0710858585859,7.19108585859,2.2,-1.0,0.4,1.8,30.8,20.72,56.22,13.2,16.6,18.6,11.2,6.4,8.24,0.082442002442,8.32244200244,-5.8
87,MTL,TOR,2016-10-29,1,1,2.0,1.0,3.6,32.0,30.0,48.9,7.0,26.2,17.4,12.8,6.2,9.76,0.0978478885456,9.85784788855,0.2,-1.0,0.2,3.2,35.6,11.66,57.82,6.0,19.2,12.6,10.8,8.2,10.98,0.109873189586,11.0898731896,1.0
88,NJD,TBL,2016-10-29,1,2,0.4,0.6,2.4,31.2,24.06,48.42,8.2,21.6,12.4,7.6,4.6,7.92,0.0789682539683,7.99896825397,4.2,0.2,0.6,3.0,29.0,11.66,51.84,8.8,22.4,11.2,11.2,7.8,6.56,0.0656018400204,6.62560184002,3.0
89,PHI,PIT,2016-10-29,0,-1,-0.2,0.4,3.2,30.8,32.86,48.86,7.8,22.4,17.0,11.6,3.2,12.04,0.12044222715,12.1604422271,3.4,-0.8,0.6,2.2,29.6,30.34,48.08,9.2,21.0,15.6,8.8,4.8,13.84,0.138463203463,13.9784632035,-5.0
90,SJS,NSH,2016-10-29,1,3,0.0,0.6,2.0,31.2,28.0,52.76,9.4,19.0,17.0,14.4,5.4,9.8,0.0979420706314,9.89794207063,0.8,-1.0,0.2,2.4,29.2,39.04,47.48,9.6,19.8,16.6,8.8,5.2,12.34,0.123219183917,12.4632191839,2.4
91,STL,LAK,2016-10-29,1,1,-0.8,0.2,2.0,31.0,5.0,52.36,8.4,17.0,13.0,7.8,8.4,8.56,0.0856845348693,8.64568453487,-4.8,0.0,0.8,3.2,35.0,23.32,53.16,14.2,24.2,16.4,10.8,5.2,12.9,0.128842018197,13.0288420182,2.2
92,VAN,WSH,2016-10-29,0,-3,-1.2,0.2,1.4,22.4,20.66,57.7,8.0,24.2,9.8,8.6,5.8,6.1,0.0609764603313,6.16097646033,2.0,0.2,0.6,2.4,32.0,18.0,53.24,6.6,20.0,11.4,13.8,12.0,8.52,0.0854433497537,8.60544334975,4.6
93,CAR,PHI,2016-10-30,0,-1,-0.6,0.4,2.8,29.4,25.0,48.14,8.8,17.2,16.0,9.8,8.8,14.18,0.141829059829,14.3218290598,-5.8,-0.2,0.4,3.6,34.8,36.66,51.72,7.8,22.8,16.2,11.8,4.0,12.12,0.121308028015,12.241308028,7.2
94,CGY,WSH,2016-10-30,0,-2,0.4,0.6,3.4,26.6,5.0,50.26,10.8,15.0,13.2,8.6,6.0,11.82,0.118100369416,11.9381003694,-7.4,0.6,0.6,3.0,33.4,18.0,52.88,7.0,20.2,12.2,11.8,9.6,8.7,0.087157635468,8.78715763547,1.4
95,CHI,LAK,2016-10-30,1,3,0.6,0.6,3.6,31.8,38.34,48.88,8.0,17.0,13.8,7.8,5.2,11.9,0.118906926407,12.0189069264,0.2,0.4,0.8,2.6,34.4,18.32,54.92,14.2,25.8,14.2,9.8,4.6,9.08,0.090688172043,9.17068817204,2.6
96,DET,FLA,2016-10-30,0,-3,1.2,0.8,2.6,30.2,5.72,49.72,11.4,20.2,12.6,7.8,6.6,8.02,0.0802558139535,8.10025581395,-0.2,-0.8,0.2,2.2,30.4,28.34,52.44,7.4,17.0,11.0,5.0,8.4,11.32,0.113302802461,11.4333028025,-0.4
97,EDM,OTT,2016-10-30,0,-2,2.2,1.0,3.0,27.8,5.0,50.32,5.8,23.8,15.2,11.6,9.4,7.5,0.0751017348469,7.57510173485,-5.0,-0.8,0.4,2.8,32.6,20.0,52.58,10.4,18.4,16.4,11.4,7.6,13.32,0.133107769424,13.4531077694,-5.4
98,NYI,TOR,2016-10-30,1,4,0.0,0.4,3.0,30.4,18.0,49.8,9.6,24.6,19.8,9.2,6.8,11.02,0.110252636564,11.1302526366,0.6,-1.0,0.2,2.6,35.2,11.66,57.68,7.6,18.6,14.6,9.4,8.2,9.34,0.0933646506865,9.43336465069,0.8
99,NYR,TBL,2016-10-30,1,5,0.8,0.6,3.0,29.2,36.66,52.44,4.8,19.8,15.0,15.2,14.0,10.4,0.104252736511,10.5042527365,1.4,-0.2,0.4,2.6,30.0,11.66,53.3,9.8,23.8,11.4,11.0,8.2,7.02,0.0702602251136,7.09026022511,1.6
100,WPG,BUF,2016-10-30,0,-2,0.2,0.6,2.4,30.4,15.72,54.14,7.2,22.0,15.6,10.6,6.8,7.46,0.074710910005,7.53471091001,0.4,-0.6,0.2,2.0,27.2,29.0,53.1,8.4,15.6,10.8,10.4,5.4,8.22,0.0821635581062,8.30216355811,6.0
101,ARI,SJS,2016-11-01,1,1,-0.8,0.2,2.8,27.2,28.34,50.1,7.0,21.0,16.0,11.4,5.2,11.14,0.111387805743,11.2513878057,1.2,0.4,0.6,2.2,31.0,38.0,51.64,9.4,19.6,18.8,16.4,6.8,11.14,0.111319997053,11.2513199971,1.2
102,CBJ,DAL,2016-11-01,1,1,1.0,0.6,2.6,27.4,40.0,56.22,8.4,20.6,15.6,12.8,4.6,6.2,0.062118226601,6.2621182266,2.2,-2.0,0.2,1.4,29.2,24.06,57.04,13.2,14.2,19.2,10.2,7.0,12.86,0.128632478632,12.9886324786,-6.8
103,CHI,CGY,2016-11-01,1,4,0.6,0.6,2.8,32.0,30.72,49.24,7.2,15.6,14.0,6.2,4.8,8.96,0.0895965815793,9.04959658158,-0.6,0.4,0.6,3.2,25.8,5.0,51.76,8.4,15.8,12.2,8.2,6.2,11.18,0.111806663122,11.2918066631,-7.6
104,COL,NSH,2016-11-01,0,-4,-0.4,0.4,1.8,26.6,11.34,56.56,9.0,21.4,10.0,8.4,8.2,5.68,0.0567004048583,5.73670040486,10.2,-1.4,0.2,2.4,29.2,42.38,48.74,8.8,20.8,18.2,10.6,6.8,14.7,0.146845557543,14.8468455575,3.8
105,FLA,BOS,2016-11-01,0,-1,0.2,0.4,2.8,29.6,31.34,54.04,8.6,17.6,10.4,5.8,6.0,11.02,0.110128199286,11.1301281993,2.2,-1.6,0.4,1.4,29.8,10.0,43.12,10.2,26.4,11.0,10.8,7.8,6.24,0.0624167946749,6.30241679467,-3.4
106,LAK,ANA,2016-11-01,0,-4,-0.4,0.6,1.8,33.0,19.04,52.86,9.2,26.4,12.2,8.8,5.0,8.14,0.0813778272154,8.22137782722,5.8,0.6,0.6,2.8,28.8,31.86,51.22,11.6,22.0,13.8,12.6,3.8,9.72,0.0970683970684,9.81706839707,5.0
107,MIN,BUF,2016-11-01,0,-1,1.8,0.6,3.4,25.6,10.0,52.96,10.6,22.8,13.6,10.6,6.6,10.24,0.102196969697,10.3421969697,0.6,0.0,0.4,2.0,28.6,29.0,53.26,7.2,18.2,11.2,8.6,4.4,6.38,0.0638973042362,6.44389730424,5.4
108,NYI,TBL,2016-11-01,0,-5,1.0,0.6,3.6,32.8,18.0,47.26,11.6,23.6,20.8,9.0,6.2,12.14,0.121432760788,12.2614327608,1.6,-0.4,0.4,2.8,31.0,11.66,53.26,9.6,22.4,13.0,11.6,8.4,10.26,0.102692657546,10.3626926575,0.4
109,NYR,STL,2016-11-01,1,5,2.0,0.8,4.0,30.0,36.66,51.0,4.8,20.4,15.2,14.8,12.6,13.04,0.130624562883,13.1706245629,-0.6,-0.4,0.4,2.0,31.2,5.0,54.1,9.2,18.8,14.0,7.2,7.8,7.82,0.0782999194847,7.89829991948,-5.6
110,OTT,CAR,2016-11-01,1,1,0.4,0.6,3.0,30.6,10.0,53.7,8.2,19.8,16.2,12.2,7.6,9.32,0.0931077694236,9.41310776942,-1.0,-0.6,0.4,3.0,28.6,25.0,52.16,9.2,18.2,14.8,8.6,7.8,14.1,0.141090143573,14.2410901436,-4.6
111,TOR,EDM,2016-11-01,1,1,-1.6,0.2,2.4,35.4,11.66,54.74,8.8,19.2,16.4,9.0,7.0,9.98,0.0997138570357,10.079713857,2.2,1.6,0.8,2.4,29.6,5.0,53.54,6.8,25.6,15.0,11.6,8.2,5.36,0.0536731634183,5.41367316342,-1.0
112,WPG,WSH,2016-11-01,0,-1,-0.4,0.4,1.6,31.2,9.06,52.14,7.6,23.2,14.8,9.8,7.2,5.04,0.0505623031939,5.09056230319,3.6,0.4,0.6,3.0,31.2,10.0,52.86,5.2,21.0,12.8,10.4,8.4,8.1,0.0812485445589,8.18124854456,-4.4
113,ANA,PIT,2016-11-02,0,-4,1.2,0.6,3.0,27.8,29.0,51.14,19.2,24.0,12.2,13.4,3.8,7.9,0.0788865788866,7.97888657889,7.6,0.2,0.8,3.2,27.8,33.66,47.92,7.2,22.0,16.2,7.4,5.2,13.24,0.132510822511,13.3725108225,-1.2
114,MTL,VAN,2016-11-02,1,3,1.6,1.0,3.0,29.6,31.66,50.84,8.2,25.4,18.8,12.0,4.8,8.74,0.0874953003985,8.8274953004,-4.0,-2.0,0.0,1.4,23.4,16.66,57.46,7.2,25.0,11.0,8.6,5.8,5.7,0.0569764603313,5.75697646033,1.4
115,PHI,DET,2016-11-02,1,1,-0.6,0.4,3.2,35.0,31.66,53.62,6.6,24.8,13.4,11.4,4.6,9.74,0.0975532387433,9.83755323874,8.0,0.2,0.6,2.0,28.8,8.0,52.6,10.0,20.0,11.4,8.6,5.6,6.82,0.0681111111111,6.88811111111,0.2
116,ARI,NSH,2016-11-03,1,0,-0.4,0.4,3.0,28.2,28.34,51.28,6.8,20.6,18.4,11.6,5.8,11.2,0.112032967033,11.312032967,-2.2,-0.2,0.4,2.8,29.8,36.66,49.26,8.8,21.8,20.0,10.8,7.0,13.06,0.130486295314,13.1904862953,0.4
117,BUF,TOR,2016-11-03,0,-1,0.4,0.6,2.2,28.0,45.0,53.58,5.6,19.4,10.6,8.0,4.8,5.1,0.0510401613791,5.15104016138,7.6,-1.4,0.4,2.2,34.8,11.66,53.9,9.2,23.6,17.0,9.4,8.2,9.64,0.0962115528882,9.73621155289,-1.0
118,CHI,COL,2016-11-03,1,4,1.6,0.8,3.4,29.6,15.72,50.1,7.6,15.8,13.4,8.6,6.6,11.36,0.113622555605,11.4736225556,-1.8,-0.6,0.4,2.0,28.8,3.34,56.4,9.4,22.6,12.2,6.4,7.8,4.86,0.0485969565824,4.90859695658,4.4
119,DAL,STL,2016-11-03,1,4,-2.0,0.2,1.2,32.8,29.06,55.76,10.0,15.0,18.8,8.0,6.4,12.0,0.120061050061,12.1200610501,-5.0,-1.0,0.4,1.8,31.2,11.66,53.66,9.2,17.0,11.6,8.2,7.4,8.66,0.0866957215837,8.74669572158,-4.4
120,FLA,NJD,2016-11-03,1,1,-0.6,0.2,2.0,28.8,28.0,52.86,10.4,17.2,11.4,6.2,7.2,8.96,0.0896947627536,9.04969476275,1.8,0.6,0.6,2.6,30.2,18.34,49.56,8.2,22.8,11.6,8.2,5.4,9.1,0.0907694962043,9.1907694962,1.4
121,LAK,PIT,2016-11-03,1,1,-1.2,0.4,1.2,32.8,12.38,49.12,14.6,26.6,12.2,9.0,3.8,6.2,0.0620229885057,6.26202298851,6.4,0.8,0.8,3.6,30.6,36.32,48.8,8.6,22.4,15.2,7.8,5.6,10.84,0.108571428571,10.9485714286,1.4
122,NYI,PHI,2016-11-03,0,0,-0.2,0.4,3.2,32.0,18.0,51.7,15.4,25.0,20.4,9.2,5.6,10.94,0.109485329485,11.0494853295,-1.4,0.0,0.6,3.8,36.6,26.66,52.26,8.0,22.8,14.0,9.8,4.4,9.92,0.0993714205615,10.0193714206,10.8
123,NYR,EDM,2016-11-03,1,2,2.6,0.8,4.2,30.6,43.32,51.24,4.8,18.2,16.2,14.4,12.6,15.06,0.150821607218,15.2108216072,-2.2,1.0,0.6,2.2,34.2,5.0,51.84,6.8,28.0,11.8,11.6,8.2,4.7,0.0469410456062,4.74694104561,-1.6
124,OTT,VAN,2016-11-03,1,1,0.0,0.6,2.0,28.6,0.0,54.26,8.4,21.2,14.0,11.8,7.6,7.24,0.0722744360902,7.31227443609,-2.6,-2.6,0.0,0.8,26.8,10.0,55.64,5.8,22.6,14.2,10.4,5.4,6.62,0.0661930501931,6.68619305019,-4.0
125,SJS,CGY,2016-11-03,0,-1,0.4,0.6,2.2,32.4,34.0,49.3,10.0,18.2,21.2,16.0,8.2,10.14,0.101319997053,10.2413199971,1.8,0.0,0.6,2.6,27.2,10.0,53.14,8.4,16.8,13.4,8.0,6.8,12.76,0.127631578947,12.8876315789,-7.4
126,TBL,BOS,2016-11-03,0,0,0.0,0.4,3.2,31.2,11.66,55.32,13.8,24.0,12.6,10.8,7.2,10.28,0.102957207811,10.3829572078,0.0,-1.6,0.4,1.4,27.8,10.0,42.54,13.0,23.4,9.2,11.8,9.8,5.7,0.0571880365049,5.7571880365,-3.2
127,WSH,WPG,2016-11-03,1,1,0.2,0.6,2.8,30.8,5.0,50.2,6.4,21.0,13.8,12.4,7.0,7.56,0.0758517191621,7.63585171916,-0.6,0.0,0.4,2.0,34.0,9.06,52.0,8.4,20.2,16.0,10.6,7.6,5.92,0.0594511920828,5.97945119208,7.4
128,ANA,ARI,2016-11-04,1,4,0.0,0.4,2.4,27.0,25.66,49.54,21.0,21.8,12.4,14.2,3.6,6.34,0.0633255633256,6.40332556333,3.8,-0.2,0.6,3.0,28.0,18.34,53.14,9.2,21.2,16.8,8.4,4.6,10.32,0.103241758242,10.4232417582,-3.4
129,CBJ,MTL,2016-11-04,1,10,1.0,0.6,2.6,27.4,30.0,56.5,9.4,19.4,15.2,12.8,4.2,6.2,0.062118226601,6.2621182266,1.4,1.8,1.0,2.8,28.0,28.32,51.92,7.4,23.0,22.4,14.6,4.4,9.7,0.0970191099223,9.79701910992,-6.6
130,DET,WPG,2016-11-04,0,-2,-0.6,0.4,2.0,27.4,8.0,48.74,9.4,21.0,12.4,8.4,5.2,6.94,0.0693611111111,7.00936111111,2.8,0.0,0.4,2.2,33.4,9.72,52.48,7.6,21.0,14.2,12.4,8.0,6.12,0.0613742690058,6.18137426901,9.2
131,BOS,NYR,2016-11-05,0,-3,-1.2,0.6,1.6,29.8,16.66,44.5,11.8,21.2,11.4,12.4,10.0,5.8,0.0581404174573,5.85814041746,-1.8,2.8,0.8,4.6,31.6,33.32,52.02,6.0,19.4,11.6,12.4,13.8,15.98,0.160002748657,16.1400027487,-0.2
132,COL,MIN,2016-11-05,1,1,-2.2,0.2,1.2,33.2,3.34,54.68,8.8,20.6,13.0,7.4,7.6,8.66,0.0866921946777,8.74669219468,-1.2,1.8,0.6,3.4,25.4,30.0,52.8,9.8,21.2,14.0,9.0,6.6,9.7,0.0968398268398,9.79683982684,0.8
133,DAL,CHI,2016-11-05,0,-1,-0.6,0.4,2.4,31.8,34.06,54.06,13.0,18.4,18.6,7.4,6.2,16.44,0.164505494505,16.6045054945,-6.8,2.4,0.8,3.4,26.8,15.72,47.9,8.0,17.2,13.4,8.8,7.2,12.88,0.128860650843,13.0088606508,-5.4
134,LAK,CGY,2016-11-05,1,5,-1.2,0.4,1.2,32.2,12.38,50.18,15.4,27.6,12.4,8.0,3.4,6.42,0.064245210728,6.48424521073,5.4,0.2,0.6,2.8,25.4,14.0,55.86,8.0,19.4,13.8,11.2,8.8,12.96,0.129796081112,13.0897960811,-6.6
135,MTL,PHI,2016-11-05,1,1,-0.6,0.8,2.2,27.4,39.32,50.64,7.8,19.0,22.6,12.4,5.2,12.88,0.128837291741,13.0088372917,-4.8,0.0,0.6,3.6,36.8,18.32,50.1,8.8,24.8,14.8,9.4,4.8,9.94,0.0995520890348,10.039552089,4.6
136,NSH,CAR,2016-11-05,0,0,-1.0,0.2,2.2,31.2,31.66,52.9,10.8,25.2,20.4,10.4,6.6,11.14,0.111438676266,11.2514386763,-0.4,-1.2,0.2,2.4,28.8,25.0,53.56,9.0,20.2,13.8,9.2,8.4,13.82,0.138205528188,13.9582055282,-3.6
137,NYI,EDM,2016-11-05,0,0,-0.8,0.2,2.4,30.8,24.66,49.86,13.4,24.8,19.4,9.6,6.0,8.78,0.0879365079365,8.86793650794,-5.2,0.0,0.4,2.2,32.6,5.0,53.52,7.6,27.4,11.4,11.8,9.8,7.92,0.0791991101224,7.99919911012,0.0
138,OTT,BUF,2016-11-05,0,-1,0.8,0.8,2.0,27.8,0.0,52.52,10.8,22.8,16.0,11.6,6.8,7.36,0.0734649122807,7.43346491228,-1.8,0.2,0.6,1.8,31.6,30.0,55.46,4.0,20.2,9.4,7.2,5.0,4.1,0.0410571778283,4.14105717783,7.2
139,SJS,PIT,2016-11-05,0,-5,0.8,0.6,2.6,32.0,38.0,48.42,9.2,19.6,21.4,18.2,10.0,9.68,0.0968557113385,9.77685571134,2.6,1.4,0.8,3.8,28.2,31.32,52.92,9.0,28.8,13.6,8.4,4.8,9.72,0.0974603174603,9.81746031746,3.2
140,STL,CBJ,2016-11-05,1,1,-2.2,0.2,1.0,29.2,16.66,54.92,12.0,19.4,12.8,7.0,6.8,10.14,0.101510536398,10.2415105364,-2.4,2.4,0.6,4.0,30.2,46.0,52.26,8.4,19.6,15.0,11.4,4.0,11.2,0.112118226601,11.3121182266,2.2
141,TBL,NJD,2016-11-05,1,3,-0.8,0.2,2.4,32.4,16.66,52.94,13.8,22.8,14.2,10.6,7.0,10.88,0.109003719439,10.9890037194,-4.0,0.6,0.6,3.0,31.2,31.68,50.0,9.0,20.4,9.6,8.6,7.0,10.56,0.105464836706,10.6654648367,-0.6
142,TOR,VAN,2016-11-05,1,3,-0.4,0.6,2.0,32.0,6.66,53.54,7.6,23.2,16.8,9.2,7.4,8.7,0.0869092273068,8.78690922731,-2.0,-2.4,0.0,0.4,28.4,0.0,50.28,9.0,20.4,17.4,11.0,5.4,5.3,0.0529047619048,5.3529047619,-8.2
143,WSH,FLA,2016-11-05,1,2,0.8,0.8,3.2,31.6,9.0,51.02,6.4,21.6,13.4,12.0,6.6,8.64,0.0865660048763,8.72656600488,0.0,-0.2,0.4,2.4,30.6,31.34,53.42,10.8,15.2,9.0,6.8,8.4,8.82,0.0882284870938,8.90822848709,1.2
144,ANA,CGY,2016-11-06,1,3,1.0,0.6,3.2,29.6,31.66,53.08,18.6,24.4,10.6,10.6,2.6,8.26,0.0825174825175,8.34251748252,2.8,-1.4,0.4,2.0,24.2,9.0,54.0,7.2,21.0,15.0,12.6,8.2,14.68,0.14710377342,14.8271037734,-2.4
145,CAR,NJD,2016-11-06,0,-3,-0.6,0.4,2.2,27.8,20.0,56.48,7.8,20.0,13.2,10.4,9.4,10.86,0.108575898559,10.9685758986,-2.6,-0.2,0.4,2.8,32.4,36.68,50.56,9.8,20.2,10.8,7.4,7.4,11.58,0.115821979563,11.6958219796,-1.8
146,CHI,DAL,2016-11-06,1,1,2.6,1.0,3.6,26.6,15.72,48.84,9.2,21.0,13.4,10.6,7.6,12.88,0.128860650843,13.0088606508,-5.6,-1.0,0.2,2.2,33.2,30.72,52.88,14.2,19.8,17.2,8.4,5.8,15.36,0.15354978355,15.5135497835,-5.8
147,DET,EDM,2016-11-06,0,-1,-1.4,0.2,1.8,29.0,8.0,50.74,8.2,22.0,11.6,8.6,4.8,5.56,0.0555429292929,5.61554292929,4.4,-0.6,0.4,2.0,31.4,0.0,52.36,7.6,26.4,13.4,11.6,10.8,6.98,0.0697947214076,7.04979472141,3.2
148,NYR,WPG,2016-11-06,1,3,2.8,0.8,4.6,30.2,26.66,54.38,6.4,20.8,12.2,11.2,12.0,13.84,0.138555494951,13.978555495,2.0,-0.2,0.4,2.4,32.4,4.0,53.9,5.6,21.8,12.6,11.4,7.4,5.72,0.0573338649654,5.77733386497,10.2
149,STL,COL,2016-11-06,1,4,-1.4,0.4,1.2,30.4,11.66,54.08,12.6,21.4,14.8,7.8,6.6,10.64,0.106510536398,10.7465105364,0.6,-1.4,0.4,1.0,34.0,5.0,54.96,8.2,21.2,14.6,6.4,7.8,6.64,0.066626405204,6.7066264052,-3.2
150,BOS,BUF,2016-11-07,1,4,-0.8,0.6,2.0,31.8,16.66,45.88,10.0,20.2,12.0,11.0,9.6,6.88,0.0689512282681,6.94895122827,2.0,1.2,0.8,2.2,30.4,35.0,53.82,3.6,21.0,11.8,6.8,5.6,4.7,0.0471177838889,4.74711778389,4.2
151,FLA,TBL,2016-11-07,1,2,-0.4,0.4,2.4,29.2,31.34,53.94,10.0,14.8,7.6,8.4,8.0,8.9,0.0890221378874,8.98902213789,4.2,0.2,0.4,3.0,33.2,15.0,53.5,13.6,23.2,13.2,8.4,7.8,10.86,0.108783939219,10.9687839392,-3.6
152,NYI,VAN,2016-11-07,1,2,-0.6,0.2,2.6,31.8,14.66,48.52,14.6,25.6,18.4,9.2,7.0,9.18,0.0918326118326,9.27183261183,-3.0,-2.4,0.0,1.0,29.8,4.0,50.26,23.6,23.0,18.2,11.4,6.4,8.16,0.0814761904762,8.24147619048,-4.4
153,COL,ARI,2016-11-08,0,-2,-2.0,0.4,1.2,31.2,10.0,52.92,13.8,23.0,13.2,6.0,7.8,10.2,0.102340690918,10.3023406909,-5.4,-0.6,0.6,2.6,26.2,15.0,53.9,9.8,23.2,16.8,7.6,4.4,10.5,0.104973359973,10.60497336,-2.0
154,MTL,BOS,2016-11-08,1,1,-0.6,0.8,2.6,25.0,29.32,50.16,9.4,19.8,21.4,12.8,5.6,17.34,0.173375106867,17.5133751069,-8.8,0.6,0.8,2.4,34.4,17.5,47.34,11.4,21.4,13.8,10.2,7.4,5.56,0.0557407827996,5.6157407828,3.6
155,NJD,CAR,2016-11-08,1,0,0.0,0.4,2.6,29.6,23.34,49.26,9.8,21.6,11.8,8.2,9.0,9.3,0.093132903933,9.39313290393,0.0,-0.8,0.4,2.0,28.4,20.0,56.26,7.4,21.0,13.4,11.4,10.0,8.24,0.0824582514998,8.3224582515,1.2
156,NSH,OTT,2016-11-08,1,2,0.0,0.2,2.4,30.8,16.66,54.62,10.0,23.6,21.2,10.6,7.6,8.0,0.0800996449272,8.08009964493,0.6,0.0,0.6,1.6,28.8,5.0,51.44,10.8,23.8,18.4,11.8,7.6,7.96,0.0795255183413,8.03952551834,-0.4
157,NYR,VAN,2016-11-08,0,-2,3.6,1.0,5.2,27.8,6.66,52.94,6.4,19.4,14.0,12.0,9.8,16.54,0.165539621936,16.7055396219,2.2,-2.4,0.0,1.4,31.0,4.0,46.68,23.0,23.6,20.6,11.0,6.4,10.66,0.106476190476,10.7664761905,-4.2
158,PHI,DET,2016-11-08,0,0,0.0,0.6,3.6,38.0,13.32,50.24,8.6,24.6,16.0,9.8,6.0,13.32,0.133375618447,13.4533756184,-1.0,-1.6,0.0,1.8,28.2,18.0,51.94,7.0,22.2,11.2,9.2,4.2,5.8,0.0579885814668,5.85798858147,2.4
159,PIT,EDM,2016-11-08,1,1,2.2,0.8,4.2,28.8,21.32,55.42,9.2,30.0,12.4,13.6,5.6,7.0,0.0701875901876,7.07018759019,4.6,-0.8,0.4,2.0,31.6,10.0,52.4,7.0,26.0,12.8,11.2,10.4,7.84,0.0784903735815,7.91849037358,2.4
160,TOR,LAK,2016-11-08,0,-7,0.0,0.6,2.6,34.8,10.66,55.2,21.0,25.8,16.6,9.4,7.2,9.42,0.0940520844497,9.51405208445,1.2,-0.4,0.4,1.6,31.0,5.72,50.12,14.0,25.8,10.6,8.2,2.8,7.64,0.0765529030357,7.71655290304,4.6
161,WPG,DAL,2016-11-08,1,6,-1.0,0.2,2.6,33.4,4.0,51.52,5.2,21.2,13.2,12.8,7.0,11.28,0.112889420521,11.3928894205,5.4,-0.6,0.2,2.6,32.4,25.0,54.34,13.4,20.4,17.0,6.8,6.8,15.56,0.15556998557,15.7155699856,-5.6
162,WSH,SJS,2016-11-08,0,-3,1.8,1.0,3.8,31.8,4.0,51.26,5.6,19.2,12.2,13.0,6.8,8.1,0.081202020202,8.1812020202,3.6,-0.4,0.4,2.2,31.2,34.0,52.64,6.8,24.0,20.6,19.6,10.4,8.56,0.0857446002274,8.64574460023,0.8
163,BUF,OTT,2016-11-09,0,0,-0.2,0.6,1.6,31.8,32.5,52.6,4.2,23.2,13.4,8.8,6.0,4.2,0.0421654029365,4.24216540294,7.8,0.2,0.6,1.4,29.0,5.0,48.04,11.4,23.8,16.2,12.0,8.0,4.7,0.0468939393939,4.74689393939,1.6
164,CBJ,ANA,2016-11-09,1,1,2.4,0.6,3.8,30.2,46.0,51.16,10.6,18.2,16.2,9.2,3.8,10.54,0.105451559934,10.6454515599,2.2,0.6,0.6,2.8,28.6,30.0,52.78,20.6,25.0,10.4,9.2,2.4,7.44,0.0744588744589,7.51445887446,2.4
165,STL,CHI,2016-11-09,0,-1,-0.6,0.6,2.0,29.6,16.66,54.62,17.4,23.2,15.0,7.6,6.2,13.58,0.135974822113,13.7159748221,0.6,2.6,1.0,3.8,27.4,10.72,51.64,8.8,20.6,13.4,10.2,9.0,14.04,0.140603075086,14.1806030751,-6.6
166,ARI,WPG,2016-11-10,0,-1,-0.4,0.6,2.4,26.2,30.0,54.96,10.2,20.6,18.2,5.8,5.4,9.48,0.0947881747882,9.57478817479,-3.0,0.6,0.4,4.0,32.0,16.0,52.42,12.4,20.0,14.0,13.6,7.6,15.92,0.159239165852,16.0792391659,3.6
167,BOS,CBJ,2016-11-10,1,3,0.2,0.6,2.6,35.8,27.5,49.1,9.8,20.2,16.4,10.4,8.6,8.16,0.0818277393213,8.24182773932,2.0,3.0,0.8,4.2,28.8,26.0,49.64,10.6,17.6,15.0,6.0,2.4,11.82,0.118095238095,11.9380952381,-1.4
168,CAR,ANA,2016-11-10,0,-2,-1.0,0.2,1.8,30.8,0.0,56.36,7.0,20.6,11.8,12.2,7.8,6.36,0.0636429204894,6.42364292049,4.6,1.2,0.6,3.2,28.0,30.0,49.42,18.4,24.2,11.4,8.0,2.2,10.78,0.107792207792,10.8877922078,0.0
169,CGY,DAL,2016-11-10,0,-2,-2.6,0.2,1.2,25.6,22.34,53.54,9.6,22.6,14.0,11.6,6.4,13.22,0.132567432567,13.3525674326,-0.6,-1.0,0.2,3.0,32.6,27.0,54.0,20.6,23.0,16.0,8.8,6.8,15.38,0.153849555462,15.5338495555,-2.6
170,DET,VAN,2016-11-10,1,2,-1.4,0.2,2.2,30.4,28.0,56.38,6.8,21.8,12.0,8.4,4.4,7.4,0.0739885814668,7.47398858147,2.8,-1.4,0.2,2.0,31.8,8.0,44.4,22.6,23.2,19.0,14.2,7.4,11.36,0.113553113553,11.4735531136,-2.8
171,FLA,SJS,2016-11-10,0,-2,0.6,0.6,3.0,29.0,28.0,53.56,9.6,16.6,7.6,10.0,9.8,8.38,0.0837721378874,8.46377213789,5.2,-0.2,0.4,2.2,30.0,14.0,53.8,6.4,24.0,18.4,17.2,9.8,6.5,0.0650549450549,6.56505494505,0.2
172,MTL,LAK,2016-11-10,1,3,-0.8,0.8,2.6,24.4,32.66,49.2,8.0,20.2,23.4,12.2,7.0,17.64,0.176385140311,17.8163851403,-11.8,1.2,0.6,3.0,34.2,5.72,48.56,13.6,29.2,11.4,10.4,3.8,6.84,0.0685529030357,6.90855290304,0.2
173,NSH,STL,2016-11-10,1,2,0.6,0.4,2.6,31.6,10.0,53.54,9.6,20.0,19.0,11.8,9.6,8.66,0.0867663115939,8.74676631159,-4.0,-1.0,0.4,2.0,30.2,16.66,53.42,18.8,23.2,14.0,8.0,7.0,13.5,0.135117679256,13.6351176793,0.6
174,PIT,MIN,2016-11-10,0,-2,2.0,0.8,4.2,28.0,13.32,55.48,7.6,30.4,11.8,14.0,5.6,7.3,0.0731368989434,7.37313689894,5.6,2.2,0.6,2.8,26.0,35.0,52.88,7.0,18.8,11.8,7.6,7.2,6.68,0.0667261904762,6.74672619048,0.0
175,TBL,NYI,2016-11-10,1,3,0.2,0.4,3.0,33.6,21.66,53.32,12.2,22.4,13.4,8.2,8.2,10.14,0.101446982697,10.2414469827,-2.2,0.2,0.4,3.0,30.8,6.66,47.04,13.0,24.6,19.8,9.2,7.2,9.4,0.0939754689755,9.49397546898,-2.6
